Event Index,UTC Timestamp,UTC Date and Time,Local Timestamp,Local Timezone,Local Date and Time,Experiment ID,Experiment Version,Tree Node Key,Repeat Key,Schedule ID,Participant Public ID,Participant Private ID,Participant Starting Group,Participant Status,Participant Completion Code,Participant External Session ID,Participant Device Type,Participant Device,Participant OS,Participant Browser,Participant Monitor Size,Participant Viewport Size,Checkpoint,Room ID,Room Order,Task Name,Task Version,randomiser-5g79,Spreadsheet,Spreadsheet Name,Spreadsheet Row,Trial Number,Screen Number,Screen Name,Zone Name,Zone Type,Reaction Time,Reaction Onset,Response Type,Response,Attempt,Correct,Incorrect,Dishonest,X Coordinate,Y Coordinate,Timed Out,randomise_blocks,randomise_trials,display,Stimulus,Answer,Congruency,Practice
1,1715031835163,06/05/2024 21:43:55,1715031835625,2,06/05/2024 23:43:55,143617,34,task-vqb9,,37507704,hvbn2,9856737,,complete,,,computer,Desktop or Laptop,Windows 10,Chrome 123.0.0.0,1366x768,1366x679,,,,Stroop Task,7,Stroop ,spreadsheet_stroop_100,,,BEGIN TASK,,,,,,,,,,0,1,0,,,,,,,,,,
2,1715031882155,06/05/2024 21:44:42,1715031882634,2,06/05/2024 23:44:42,143617,34,task-vqb9,,37507704,hvbn2,9856737,,complete,,,computer,Desktop or Laptop,Windows 10,Chrome 123.0.0.0,1366x768,1366x679,,,,Stroop Task,7,Stroop ,spreadsheet_stroop_100,spreadsheet_stroop_100,1,1,1,Screen 1,button,continue_keyboard,46446.59999990463,,,,,0,1,0,,,,,,Instructions,,,,
3,1715031882628,06/05/2024 21:44:42,1715031883114,2,06/05/2024 23:44:43,143617,34,task-vqb9,,37507704,hvbn2,9856737,,complete,,,computer,Desktop or Laptop,Windows 10,Chrome 123.0.0.0,1366x768,1366x679,,,,Stroop Task,7,Stroop ,spreadsheet_stroop_100,spreadsheet_stroop_100,2,1,1,Screen 1,fixation,fixation,500,,,,,0,1,0,,,,,,Practice Trials,REDred.jpg,red,1,1
4,1715031884854,06/05/2024 21:44:44,1715031885308,2,06/05/2024 23:44:45,143617,34,task-vqb9,,37507704,hvbn2,9856737,,complete,,,computer,Desktop or Laptop,Windows 10,Chrome 123.0.0.0,1366x768,1366x679,,,,Stroop Task,7,Stroop ,spreadsheet_stroop_100,spreadsheet_stroop_100,2,1,2,Screen 2,buttona,response_keyboard,2166.300000190735,,,red,1,1,0,0,,,,,,Practice Trials,REDred.jpg,red,1,1
5,1715031885598,06/05/2024 21:44:45,1715031886097,2,06/05/2024 23:44:46,143617,34,task-vqb9,,37507704,hvbn2,9856737,,complete,,,computer,Desktop or Laptop,Windows 10,Chrome 123.0.0.0,1366x768,1366x679,,,,Stroop Task,7,Stroop ,spreadsheet_stroop_100,spreadsheet_stroop_100,3,2,1,Screen 1,fixation,fixation,499.90000000000146,,,,,0,1,0,,,,,,Practice Trials,YELLOWblue.jpg,yellow,0,1
6,1715031886991,06/05/2024 21:44:46,1715031887462,2,06/05/2024 23:44:47,143617,34,task-vqb9,,37507704,hvbn2,9856737,,complete,,,computer,Desktop or Laptop,Windows 10,Chrome 123.0.0.0,1366x768,1366x679,,,,Stroop Task,7,Stroop ,spreadsheet_stroop_100,spreadsheet_stroop_100,3,2,2,Screen 2,buttona,response_keyboard,1340.5,,,yellow,1,1,0,0,,,,,,Practice Trials,YELLOWblue.jpg,yellow,0,1
7,1715031887746,06/05/2024 21:44:47,1715031888247,2,06/05/2024 23:44:48,143617,34,task-vqb9,,37507704,hvbn2,9856737,,complete,,,computer,Desktop or Laptop,Windows 10,Chrome 123.0.0.0,1366x768,1366x679,,,,Stroop Task,7,Stroop ,spreadsheet_stroop_100,spreadsheet_stroop_100,4,3,1,Screen 1,fixation,fixation,499.8999999999942,,,,,0,1,0,,,,,,Practice Trials,YELLOWyellow.jpg,yellow,1,1
8,1715031888629,06/05/2024 21:44:48,1715031889135,2,06/05/2024 23:44:49,143617,34,task-vqb9,,37507704,hvbn2,9856737,,complete,,,computer,Desktop or Laptop,Windows 10,Chrome 123.0.0.0,1366x768,1366x679,,,,Stroop Task,7,Stroop ,spreadsheet_stroop_100,spreadsheet_stroop_100,4,3,2,Screen 2,buttona,response_keyboard,860.7999997138977,,,yellow,1,1,0,0,,,,,,Practice Trials,YELLOWyellow.jpg,yellow,1,1
9,1715031889408,06/05/2024 21:44:49,1715031889914,2,06/05/2024 23:44:49,143617,34,task-vqb9,,37507704,hvbn2,9856737,,complete,,,computer,Desktop or Laptop,Windows 10,Chrome 123.0.0.0,1366x768,1366x679,,,,Stroop Task,7,Stroop ,spreadsheet_stroop_100,spreadsheet_stroop_100,5,4,1,Screen 1,fixation,fixation,500,,,,,0,1,0,,,,,,Practice Trials,REDgreen.jpg,red,0,1
10,1715031890292,06/05/2024 21:44:50,1715031890784,2,06/05/2024 23:44:50,143617,34,task-vqb9,,37507704,hvbn2,9856737,,complete,,,computer,Desktop or Laptop,Windows 10,Chrome 123.0.0.0,1366x768,1366x679,,,,Stroop Task,7,Stroop ,spreadsheet_stroop_100,spreadsheet_stroop_100,5,4,2,Screen 2,buttona,response_keyboard,847.8000001907349,,,red,1,1,0,0,,,,,,Practice Trials,REDgreen.jpg,red,0,1
11,1715031891087,06/05/2024 21:44:51,1715031891564,2,06/05/2024 23:44:51,143617,34,task-vqb9,,37507704,hvbn2,9856737,,complete,,,computer,Desktop or Laptop,Windows 10,Chrome 123.0.0.0,1366x768,1366x679,,,,Stroop Task,7,Stroop ,spreadsheet_stroop_100,spreadsheet_stroop_100,6,5,1,Screen 1,fixation,fixation,500,,,,,0,1,0,,,,,,Practice Trials,BLUEyellow.jpg,blue,0,1
12,1715031893110,06/05/2024 21:44:53,1715031893614,2,06/05/2024 23:44:53,143617,34,task-vqb9,,37507704,hvbn2,9856737,,complete,,,computer,Desktop or Laptop,Windows 10,Chrome 123.0.0.0,1366x768,1366x679,,,,Stroop Task,7,Stroop ,spreadsheet_stroop_100,spreadsheet_stroop_100,6,5,2,Screen 2,buttonb,response_keyboard,2027.3000001907349,,,blue,1,1,0,0,,,,,,Practice Trials,BLUEyellow.jpg,blue,0,1
13,1715031893905,06/05/2024 21:44:53,1715031894397,2,06/05/2024 23:44:54,143617,34,task-vqb9,,37507704,hvbn2,9856737,,complete,,,computer,Desktop or Laptop,Windows 10,Chrome 123.0.0.0,1366x768,1366x679,,,,Stroop Task,7,Stroop ,spreadsheet_stroop_100,spreadsheet_stroop_100,7,6,1,Screen 1,fixation,fixation,500.1999999999971,,,,,0,1,0,,,,,,Practice Trials,GREENred.jpg,green,0,1
14,1715031894983,06/05/2024 21:44:54,1715031895487,2,06/05/2024 23:44:55,143617,34,task-vqb9,,37507704,hvbn2,9856737,,complete,,,computer,Desktop or Laptop,Windows 10,Chrome 123.0.0.0,1366x768,1366x679,,,,Stroop Task,7,Stroop ,spreadsheet_stroop_100,spreadsheet_stroop_100,7,6,2,Screen 2,buttonb,response_keyboard,1065.1999998092651,,,green,1,1,0,0,,,,,,Practice Trials,GREENred.jpg,green,0,1
15,1715031895782,06/05/2024 21:44:55,1715031896280,2,06/05/2024 23:44:56,143617,34,task-vqb9,,37507704,hvbn2,9856737,,complete,,,computer,Desktop or Laptop,Windows 10,Chrome 123.0.0.0,1366x768,1366x679,,,,Stroop Task,7,Stroop ,spreadsheet_stroop_100,spreadsheet_stroop_100,8,7,1,Screen 1,fixation,fixation,499.90000000000146,,,,,0,1,0,,,,,,Practice Trials,BLUEyellow.jpg,blue,0,1
16,1715031896593,06/05/2024 21:44:56,1715031897094,2,06/05/2024 23:44:57,143617,34,task-vqb9,,37507704,hvbn2,9856737,,complete,,,computer,Desktop or Laptop,Windows 10,Chrome 123.0.0.0,1366x768,1366x679,,,,Stroop Task,7,Stroop ,spreadsheet_stroop_100,spreadsheet_stroop_100,8,7,2,Screen 2,buttonb,response_keyboard,790.8000001907349,,,blue,1,1,0,0,,,,,,Practice Trials,BLUEyellow.jpg,blue,0,1
17,1715031897426,06/05/2024 21:44:57,1715031897880,2,06/05/2024 23:44:57,143617,34,task-vqb9,,37507704,hvbn2,9856737,,complete,,,computer,Desktop or Laptop,Windows 10,Chrome 123.0.0.0,1366x768,1366x679,,,,Stroop Task,7,Stroop ,spreadsheet_stroop_100,spreadsheet_stroop_100,9,8,1,Screen 1,fixation,fixation,500,,,,,0,1,0,,,,,,Practice Trials,BLUEred.jpg,blue,0,1
18,1715031898156,06/05/2024 21:44:58,1715031898639,2,06/05/2024 23:44:58,143617,34,task-vqb9,,37507704,hvbn2,9856737,,complete,,,computer,Desktop or Laptop,Windows 10,Chrome 123.0.0.0,1366x768,1366x679,,,,Stroop Task,7,Stroop ,spreadsheet_stroop_100,spreadsheet_stroop_100,9,8,2,Screen 2,buttonb,response_keyboard,741.0999999046326,,,blue,1,1,0,0,,,,,,Practice Trials,BLUEred.jpg,blue,0,1
19,1715031898924,06/05/2024 21:44:58,1715031899430,2,06/05/2024 23:44:59,143617,34,task-vqb9,,37507704,hvbn2,9856737,,complete,,,computer,Desktop or Laptop,Windows 10,Chrome 123.0.0.0,1366x768,1366x679,,,,Stroop Task,7,Stroop ,spreadsheet_stroop_100,spreadsheet_stroop_100,10,9,1,Screen 1,fixation,fixation,499.90000000000146,,,,,0,1,0,,,,,,Practice Trials,GREENblue.jpg,green,0,1
20,1715031899914,06/05/2024 21:44:59,1715031900413,2,06/05/2024 23:45:00,143617,34,task-vqb9,,37507704,hvbn2,9856737,,complete,,,computer,Desktop or Laptop,Windows 10,Chrome 123.0.0.0,1366x768,1366x679,,,,Stroop Task,7,Stroop ,spreadsheet_stroop_100,spreadsheet_stroop_100,10,9,2,Screen 2,buttonb,response_keyboard,962.3000001907349,,,green,1,1,0,0,,,,,,Practice Trials,GREENblue.jpg,green,0,1
21,1715031900709,06/05/2024 21:45:00,1715031901197,2,06/05/2024 23:45:01,143617,34,task-vqb9,,37507704,hvbn2,9856737,,complete,,,computer,Desktop or Laptop,Windows 10,Chrome 123.0.0.0,1366x768,1366x679,,,,Stroop Task,7,Stroop ,spreadsheet_stroop_100,spreadsheet_stroop_100,11,10,1,Screen 1,fixation,fixation,500,,,,,0,1,0,,,,,,Practice Trials,GREENred.jpg,green,0,1
22,1715031901763,06/05/2024 21:45:01,1715031902265,2,06/05/2024 23:45:02,143617,34,task-vqb9,,37507704,hvbn2,9856737,,complete,,,computer,Desktop or Laptop,Windows 10,Chrome 123.0.0.0,1366x768,1366x679,,,,Stroop Task,7,Stroop ,spreadsheet_stroop_100,spreadsheet_stroop_100,11,10,2,Screen 2,buttonb,response_keyboard,1032.7000002861023,,,green,1,1,0,0,,,,,,Practice Trials,GREENred.jpg,green,0,1
23,1715031902545,06/05/2024 21:45:02,1715031903046,2,06/05/2024 23:45:03,143617,34,task-vqb9,,37507704,hvbn2,9856737,,complete,,,computer,Desktop or Laptop,Windows 10,Chrome 123.0.0.0,1366x768,1366x679,,,,Stroop Task,7,Stroop ,spreadsheet_stroop_100,spreadsheet_stroop_100,12,11,1,Screen 1,fixation,fixation,500,,,,,0,1,0,,,,,,Practice Trials,GREENgreen.jpg,green,1,1
24,1715031903121,06/05/2024 21:45:03,1715031903617,2,06/05/2024 23:45:03,143617,34,task-vqb9,,37507704,hvbn2,9856737,,complete,,,computer,Desktop or Laptop,Windows 10,Chrome 123.0.0.0,1366x768,1366x679,,,,Stroop Task,7,Stroop ,spreadsheet_stroop_100,spreadsheet_stroop_100,12,11,2,Screen 2,buttonb,response_keyboard,548.3999996185303,,,green,1,1,0,0,,,,,,Practice Trials,GREENgreen.jpg,green,1,1
25,1715031903895,06/05/2024 21:45:03,1715031904396,2,06/05/2024 23:45:04,143617,34,task-vqb9,,37507704,hvbn2,9856737,,complete,,,computer,Desktop or Laptop,Windows 10,Chrome 123.0.0.0,1366x768,1366x679,,,,Stroop Task,7,Stroop ,spreadsheet_stroop_100,spreadsheet_stroop_100,13,12,1,Screen 1,fixation,fixation,499.90000000000873,,,,,0,1,0,,,,,,Practice Trials,YELLOWblue.jpg,yellow,0,1
26,1715031905404,06/05/2024 21:45:05,1715031905909,2,06/05/2024 23:45:05,143617,34,task-vqb9,,37507704,hvbn2,9856737,,complete,,,computer,Desktop or Laptop,Windows 10,Chrome 123.0.0.0,1366x768,1366x679,,,,Stroop Task,7,Stroop ,spreadsheet_stroop_100,spreadsheet_stroop_100,13,12,2,Screen 2,buttona,response_keyboard,1491.5,,,yellow,1,1,0,0,,,,,,Practice Trials,YELLOWblue.jpg,yellow,0,1
27,1715031906200,06/05/2024 21:45:06,1715031906696,2,06/05/2024 23:45:06,143617,34,task-vqb9,,37507704,hvbn2,9856737,,complete,,,computer,Desktop or Laptop,Windows 10,Chrome 123.0.0.0,1366x768,1366x679,,,,Stroop Task,7,Stroop ,spreadsheet_stroop_100,spreadsheet_stroop_100,14,13,1,Screen 1,fixation,fixation,499.8999999999942,,,,,0,1,0,,,,,,Practice Trials,YELLOWyellow.jpg,yellow,1,1
28,1715031906809,06/05/2024 21:45:06,1715031907315,2,06/05/2024 23:45:07,143617,34,task-vqb9,,37507704,hvbn2,9856737,,complete,,,computer,Desktop or Laptop,Windows 10,Chrome 123.0.0.0,1366x768,1366x679,,,,Stroop Task,7,Stroop ,spreadsheet_stroop_100,spreadsheet_stroop_100,14,13,2,Screen 2,buttona,response_keyboard,596.1999998092651,,,yellow,1,1,0,0,,,,,,Practice Trials,YELLOWyellow.jpg,yellow,1,1
29,1715031907594,06/05/2024 21:45:07,1715031908096,2,06/05/2024 23:45:08,143617,34,task-vqb9,,37507704,hvbn2,9856737,,complete,,,computer,Desktop or Laptop,Windows 10,Chrome 123.0.0.0,1366x768,1366x679,,,,Stroop Task,7,Stroop ,spreadsheet_stroop_100,spreadsheet_stroop_100,15,14,1,Screen 1,fixation,fixation,499.90000000000873,,,,,0,1,0,,,,,,Practice Trials,REDgreen.jpg,red,0,1
30,1715031908106,06/05/2024 21:45:08,1715031908602,2,06/05/2024 23:45:08,143617,34,task-vqb9,,37507704,hvbn2,9856737,,complete,,,computer,Desktop or Laptop,Windows 10,Chrome 123.0.0.0,1366x768,1366x679,,,,Stroop Task,7,Stroop ,spreadsheet_stroop_100,spreadsheet_stroop_100,15,14,2,Screen 2,buttona,response_keyboard,485.7999997138977,,,red,1,1,0,0,,,,,,Practice Trials,REDgreen.jpg,red,0,1
31,1715031908882,06/05/2024 21:45:08,1715031909379,2,06/05/2024 23:45:09,143617,34,task-vqb9,,37507704,hvbn2,9856737,,complete,,,computer,Desktop or Laptop,Windows 10,Chrome 123.0.0.0,1366x768,1366x679,,,,Stroop Task,7,Stroop ,spreadsheet_stroop_100,spreadsheet_stroop_100,16,15,1,Screen 1,fixation,fixation,500,,,,,0,1,0,,,,,,Practice Trials,BLUEyellow.jpg,blue,0,1
32,1715031909793,06/05/2024 21:45:09,1715031910301,2,06/05/2024 23:45:10,143617,34,task-vqb9,,37507704,hvbn2,9856737,,complete,,,computer,Desktop or Laptop,Windows 10,Chrome 123.0.0.0,1366x768,1366x679,,,,Stroop Task,7,Stroop ,spreadsheet_stroop_100,spreadsheet_stroop_100,16,15,2,Screen 2,buttonb,response_keyboard,901.5,,,blue,1,1,0,0,,,,,,Practice Trials,BLUEyellow.jpg,blue,0,1
33,1715031913295,06/05/2024 21:45:13,1715031913775,2,06/05/2024 23:45:13,143617,34,task-vqb9,,37507704,hvbn2,9856737,,complete,,,computer,Desktop or Laptop,Windows 10,Chrome 123.0.0.0,1366x768,1366x679,,,,Stroop Task,7,Stroop ,spreadsheet_stroop_100,spreadsheet_stroop_100,17,1,1,Screen 1,button,continue_button,3175.4000000953674,,,,,0,1,0,,,,,,Score,,,,
34,1715031926647,06/05/2024 21:45:26,1715031927142,2,06/05/2024 23:45:27,143617,34,task-vqb9,,37507704,hvbn2,9856737,,complete,,,computer,Desktop or Laptop,Windows 10,Chrome 123.0.0.0,1366x768,1366x679,,,,Stroop Task,7,Stroop ,spreadsheet_stroop_100,spreadsheet_stroop_100,18,1,1,Screen 1,advancementZone,continue_button,13338.199999809265,,,,,0,1,0,,,,,,Ready.0,,,,
35,1715031927123,06/05/2024 21:45:27,1715031927628,2,06/05/2024 23:45:27,143617,34,task-vqb9,,37507704,hvbn2,9856737,,complete,,,computer,Desktop or Laptop,Windows 10,Chrome 123.0.0.0,1366x768,1366x679,,,,Stroop Task,7,Stroop ,spreadsheet_stroop_100,spreadsheet_stroop_100,58,1,1,Screen 1,fixation,fixation,499.8999999999942,,,,,0,1,0,,,,,1,Trials,REDyellow.jpg,red,0,0
36,1715031929281,06/05/2024 21:45:29,1715031929782,2,06/05/2024 23:45:29,143617,34,task-vqb9,,37507704,hvbn2,9856737,,complete,,,computer,Desktop or Laptop,Windows 10,Chrome 123.0.0.0,1366x768,1366x679,,,,Stroop Task,7,Stroop ,spreadsheet_stroop_100,spreadsheet_stroop_100,58,1,2,Screen 2,buttona,response_keyboard,2136.5999999046326,,,red,1,1,0,0,,,,,1,Trials,REDyellow.jpg,red,0,0
37,1715031929773,06/05/2024 21:45:29,1715031930278,2,06/05/2024 23:45:30,143617,34,task-vqb9,,37507704,hvbn2,9856737,,complete,,,computer,Desktop or Laptop,Windows 10,Chrome 123.0.0.0,1366x768,1366x679,,,,Stroop Task,7,Stroop ,spreadsheet_stroop_100,spreadsheet_stroop_100,96,2,1,Screen 1,fixation,fixation,500,,,,,0,1,0,,,,,1,Trials,REDred.jpg,red,1,0
38,1715031930469,06/05/2024 21:45:30,1715031930963,2,06/05/2024 23:45:30,143617,34,task-vqb9,,37507704,hvbn2,9856737,,complete,,,computer,Desktop or Laptop,Windows 10,Chrome 123.0.0.0,1366x768,1366x679,,,,Stroop Task,7,Stroop ,spreadsheet_stroop_100,spreadsheet_stroop_100,96,2,2,Screen 2,buttona,response_keyboard,668.3000001907349,,,red,1,1,0,0,,,,,1,Trials,REDred.jpg,red,1,0
39,1715031930942,06/05/2024 21:45:30,1715031931445,2,06/05/2024 23:45:31,143617,34,task-vqb9,,37507704,hvbn2,9856737,,complete,,,computer,Desktop or Laptop,Windows 10,Chrome 123.0.0.0,1366x768,1366x679,,,,Stroop Task,7,Stroop ,spreadsheet_stroop_100,spreadsheet_stroop_100,71,3,1,Screen 1,fixation,fixation,500,,,,,0,1,0,,,,,1,Trials,GREENred.jpg,green,0,0
40,1715031931820,06/05/2024 21:45:31,1715031932322,2,06/05/2024 23:45:32,143617,34,task-vqb9,,37507704,hvbn2,9856737,,complete,,,computer,Desktop or Laptop,Windows 10,Chrome 123.0.0.0,1366x768,1366x679,,,,Stroop Task,7,Stroop ,spreadsheet_stroop_100,spreadsheet_stroop_100,71,3,2,Screen 2,buttonb,response_keyboard,860.5999999046326,,,green,1,1,0,0,,,,,1,Trials,GREENred.jpg,green,0,0
41,1715031932310,06/05/2024 21:45:32,1715031932811,2,06/05/2024 23:45:32,143617,34,task-vqb9,,37507704,hvbn2,9856737,,complete,,,computer,Desktop or Laptop,Windows 10,Chrome 123.0.0.0,1366x768,1366x679,,,,Stroop Task,7,Stroop ,spreadsheet_stroop_100,spreadsheet_stroop_100,95,4,1,Screen 1,fixation,fixation,499.8999999999942,,,,,0,1,0,,,,,1,Trials,YELLOWyellow.jpg,yellow,1,0
42,1715031933935,06/05/2024 21:45:33,1715031934363,2,06/05/2024 23:45:34,143617,34,task-vqb9,,37507704,hvbn2,9856737,,complete,,,computer,Desktop or Laptop,Windows 10,Chrome 123.0.0.0,1366x768,1366x679,,,,Stroop Task,7,Stroop ,spreadsheet_stroop_100,spreadsheet_stroop_100,95,4,2,Screen 2,buttona,response_keyboard,1532.3999996185303,,,yellow,1,1,0,0,,,,,1,Trials,YELLOWyellow.jpg,yellow,1,0
43,1715031934351,06/05/2024 21:45:34,1715031934845,2,06/05/2024 23:45:34,143617,34,task-vqb9,,37507704,hvbn2,9856737,,complete,,,computer,Desktop or Laptop,Windows 10,Chrome 123.0.0.0,1366x768,1366x679,,,,Stroop Task,7,Stroop ,spreadsheet_stroop_100,spreadsheet_stroop_100,107,5,1,Screen 1,fixation,fixation,500,,,,,0,1,0,,,,,1,Trials,GREENgreen.jpg,green,1,0
44,1715031935365,06/05/2024 21:45:35,1715031935863,2,06/05/2024 23:45:35,143617,34,task-vqb9,,37507704,hvbn2,9856737,,complete,,,computer,Desktop or Laptop,Windows 10,Chrome 123.0.0.0,1366x768,1366x679,,,,Stroop Task,7,Stroop ,spreadsheet_stroop_100,spreadsheet_stroop_100,107,5,2,Screen 2,buttonb,response_keyboard,1000.4000000953674,,,green,1,1,0,0,,,,,1,Trials,GREENgreen.jpg,green,1,0
45,1715031935842,06/05/2024 21:45:35,1715031936344,2,06/05/2024 23:45:36,143617,34,task-vqb9,,37507704,hvbn2,9856737,,complete,,,computer,Desktop or Laptop,Windows 10,Chrome 123.0.0.0,1366x768,1366x679,,,,Stroop Task,7,Stroop ,spreadsheet_stroop_100,spreadsheet_stroop_100,50,6,1,Screen 1,fixation,fixation,499.8000000000029,,,,,0,1,0,,,,,1,Trials,BLUEred.jpg,blue,0,0
46,1715031936488,06/05/2024 21:45:36,1715031936988,2,06/05/2024 23:45:36,143617,34,task-vqb9,,37507704,hvbn2,9856737,,complete,,,computer,Desktop or Laptop,Windows 10,Chrome 123.0.0.0,1366x768,1366x679,,,,Stroop Task,7,Stroop ,spreadsheet_stroop_100,spreadsheet_stroop_100,50,6,2,Screen 2,buttonb,response_keyboard,626.3999996185303,,,blue,1,1,0,0,,,,,1,Trials,BLUEred.jpg,blue,0,0
47,1715031936989,06/05/2024 21:45:36,1715031937478,2,06/05/2024 23:45:37,143617,34,task-vqb9,,37507704,hvbn2,9856737,,complete,,,computer,Desktop or Laptop,Windows 10,Chrome 123.0.0.0,1366x768,1366x679,,,,Stroop Task,7,Stroop ,spreadsheet_stroop_100,spreadsheet_stroop_100,36,7,1,Screen 1,fixation,fixation,500,,,,,0,1,0,,,,,1,Trials,GREENred.jpg,green,0,0
48,1715031937608,06/05/2024 21:45:37,1715031938105,2,06/05/2024 23:45:38,143617,34,task-vqb9,,37507704,hvbn2,9856737,,complete,,,computer,Desktop or Laptop,Windows 10,Chrome 123.0.0.0,1366x768,1366x679,,,,Stroop Task,7,Stroop ,spreadsheet_stroop_100,spreadsheet_stroop_100,36,7,2,Screen 2,buttonb,response_keyboard,612.0999999046326,,,green,1,1,0,0,,,,,1,Trials,GREENred.jpg,green,0,0
49,1715031938102,06/05/2024 21:45:38,1715031938594,2,06/05/2024 23:45:38,143617,34,task-vqb9,,37507704,hvbn2,9856737,,complete,,,computer,Desktop or Laptop,Windows 10,Chrome 123.0.0.0,1366x768,1366x679,,,,Stroop Task,7,Stroop ,spreadsheet_stroop_100,spreadsheet_stroop_100,47,8,1,Screen 1,fixation,fixation,499.8999999999942,,,,,0,1,0,,,,,1,Trials,BLUEgreen.jpg,blue,0,0
50,1715031938991,06/05/2024 21:45:38,1715031939488,2,06/05/2024 23:45:39,143617,34,task-vqb9,,37507704,hvbn2,9856737,,complete,,,computer,Desktop or Laptop,Windows 10,Chrome 123.0.0.0,1366x768,1366x679,,,,Stroop Task,7,Stroop ,spreadsheet_stroop_100,spreadsheet_stroop_100,47,8,2,Screen 2,buttonb,response_keyboard,876.5,,,blue,1,1,0,0,,,,,1,Trials,BLUEgreen.jpg,blue,0,0
51,1715031939471,06/05/2024 21:45:39,1715031939978,2,06/05/2024 23:45:39,143617,34,task-vqb9,,37507704,hvbn2,9856737,,complete,,,computer,Desktop or Laptop,Windows 10,Chrome 123.0.0.0,1366x768,1366x679,,,,Stroop Task,7,Stroop ,spreadsheet_stroop_100,spreadsheet_stroop_100,118,9,1,Screen 1,fixation,fixation,499.8999999999942,,,,,0,1,0,,,,,1,Trials,REDred.jpg,red,1,0
52,1715031940789,06/05/2024 21:45:40,1715031941291,2,06/05/2024 23:45:41,143617,34,task-vqb9,,37507704,hvbn2,9856737,,complete,,,computer,Desktop or Laptop,Windows 10,Chrome 123.0.0.0,1366x768,1366x679,,,,Stroop Task,7,Stroop ,spreadsheet_stroop_100,spreadsheet_stroop_100,118,9,2,Screen 2,buttona,response_keyboard,1295.8000001907349,,,red,1,1,0,0,,,,,1,Trials,REDred.jpg,red,1,0
53,1715031941270,06/05/2024 21:45:41,1715031941778,2,06/05/2024 23:45:41,143617,34,task-vqb9,,37507704,hvbn2,9856737,,complete,,,computer,Desktop or Laptop,Windows 10,Chrome 123.0.0.0,1366x768,1366x679,,,,Stroop Task,7,Stroop ,spreadsheet_stroop_100,spreadsheet_stroop_100,84,10,1,Screen 1,fixation,fixation,500,,,,,0,1,0,,,,,1,Trials,BLUEblue.jpg,blue,1,0
54,1715031942492,06/05/2024 21:45:42,1715031942991,2,06/05/2024 23:45:42,143617,34,task-vqb9,,37507704,hvbn2,9856737,,complete,,,computer,Desktop or Laptop,Windows 10,Chrome 123.0.0.0,1366x768,1366x679,,,,Stroop Task,7,Stroop ,spreadsheet_stroop_100,spreadsheet_stroop_100,84,10,2,Screen 2,buttonb,response_keyboard,1196.3999996185303,,,blue,1,1,0,0,,,,,1,Trials,BLUEblue.jpg,blue,1,0
55,1715031942973,06/05/2024 21:45:42,1715031943477,2,06/05/2024 23:45:43,143617,34,task-vqb9,,37507704,hvbn2,9856737,,complete,,,computer,Desktop or Laptop,Windows 10,Chrome 123.0.0.0,1366x768,1366x679,,,,Stroop Task,7,Stroop ,spreadsheet_stroop_100,spreadsheet_stroop_100,21,11,1,Screen 1,fixation,fixation,500,,,,,0,1,0,,,,,1,Trials,YELLOWred.jpg,yellow,0,0
56,1715031944434,06/05/2024 21:45:44,1715031944935,2,06/05/2024 23:45:44,143617,34,task-vqb9,,37507704,hvbn2,9856737,,complete,,,computer,Desktop or Laptop,Windows 10,Chrome 123.0.0.0,1366x768,1366x679,,,,Stroop Task,7,Stroop ,spreadsheet_stroop_100,spreadsheet_stroop_100,21,11,2,Screen 2,buttona,response_keyboard,1444.2999997138977,,,yellow,1,1,0,0,,,,,1,Trials,YELLOWred.jpg,yellow,0,0
57,1715031944927,06/05/2024 21:45:44,1715031945427,2,06/05/2024 23:45:45,143617,34,task-vqb9,,37507704,hvbn2,9856737,,complete,,,computer,Desktop or Laptop,Windows 10,Chrome 123.0.0.0,1366x768,1366x679,,,,Stroop Task,7,Stroop ,spreadsheet_stroop_100,spreadsheet_stroop_100,106,12,1,Screen 1,fixation,fixation,500,,,,,0,1,0,,,,,1,Trials,BLUEblue.jpg,blue,1,0
58,1715031945499,06/05/2024 21:45:45,1715031945999,2,06/05/2024 23:45:45,143617,34,task-vqb9,,37507704,hvbn2,9856737,,complete,,,computer,Desktop or Laptop,Windows 10,Chrome 123.0.0.0,1366x768,1366x679,,,,Stroop Task,7,Stroop ,spreadsheet_stroop_100,spreadsheet_stroop_100,106,12,2,Screen 2,buttonb,response_keyboard,557.5,,,blue,1,1,0,0,,,,,1,Trials,BLUEblue.jpg,blue,1,0
59,1715031946074,06/05/2024 21:45:46,1715031946494,2,06/05/2024 23:45:46,143617,34,task-vqb9,,37507704,hvbn2,9856737,,complete,,,computer,Desktop or Laptop,Windows 10,Chrome 123.0.0.0,1366x768,1366x679,,,,Stroop Task,7,Stroop ,spreadsheet_stroop_100,spreadsheet_stroop_100,32,13,1,Screen 1,fixation,fixation,499.8999999999942,,,,,0,1,0,,,,,1,Trials,GREENred.jpg,green,0,0
60,1715031946417,06/05/2024 21:45:46,1715031946919,2,06/05/2024 23:45:46,143617,34,task-vqb9,,37507704,hvbn2,9856737,,complete,,,computer,Desktop or Laptop,Windows 10,Chrome 123.0.0.0,1366x768,1366x679,,,,Stroop Task,7,Stroop ,spreadsheet_stroop_100,spreadsheet_stroop_100,32,13,2,Screen 2,buttonb,response_keyboard,411,,,green,1,1,0,0,,,,,1,Trials,GREENred.jpg,green,0,0
61,1715031946916,06/05/2024 21:45:46,1715031947410,2,06/05/2024 23:45:47,143617,34,task-vqb9,,37507704,hvbn2,9856737,,complete,,,computer,Desktop or Laptop,Windows 10,Chrome 123.0.0.0,1366x768,1366x679,,,,Stroop Task,7,Stroop ,spreadsheet_stroop_100,spreadsheet_stroop_100,29,14,1,Screen 1,fixation,fixation,499.90000000000873,,,,,0,1,0,,,,,1,Trials,YELLOWred.jpg,yellow,0,0
62,1715031948657,06/05/2024 21:45:48,1715031949154,2,06/05/2024 23:45:49,143617,34,task-vqb9,,37507704,hvbn2,9856737,,complete,,,computer,Desktop or Laptop,Windows 10,Chrome 123.0.0.0,1366x768,1366x679,,,,Stroop Task,7,Stroop ,spreadsheet_stroop_100,spreadsheet_stroop_100,29,14,2,Screen 2,buttona,response_keyboard,1728.9000000953674,,,yellow,1,1,0,0,,,,,1,Trials,YELLOWred.jpg,yellow,0,0
63,1715031949137,06/05/2024 21:45:49,1715031949644,2,06/05/2024 23:45:49,143617,34,task-vqb9,,37507704,hvbn2,9856737,,complete,,,computer,Desktop or Laptop,Windows 10,Chrome 123.0.0.0,1366x768,1366x679,,,,Stroop Task,7,Stroop ,spreadsheet_stroop_100,spreadsheet_stroop_100,20,15,1,Screen 1,fixation,fixation,500.1999999999971,,,,,0,1,0,,,,,1,Trials,YELLOWblue.jpg,yellow,0,0
64,1715031949806,06/05/2024 21:45:49,1715031950302,2,06/05/2024 23:45:50,143617,34,task-vqb9,,37507704,hvbn2,9856737,,complete,,,computer,Desktop or Laptop,Windows 10,Chrome 123.0.0.0,1366x768,1366x679,,,,Stroop Task,7,Stroop ,spreadsheet_stroop_100,spreadsheet_stroop_100,20,15,2,Screen 2,buttona,response_keyboard,641.2999997138977,,,yellow,1,1,0,0,,,,,1,Trials,YELLOWblue.jpg,yellow,0,0
65,1715031950290,06/05/2024 21:45:50,1715031950794,2,06/05/2024 23:45:50,143617,34,task-vqb9,,37507704,hvbn2,9856737,,complete,,,computer,Desktop or Laptop,Windows 10,Chrome 123.0.0.0,1366x768,1366x679,,,,Stroop Task,7,Stroop ,spreadsheet_stroop_100,spreadsheet_stroop_100,42,16,1,Screen 1,fixation,fixation,500,,,,,0,1,0,,,,,1,Trials,BLUEred.jpg,blue,0,0
66,1715031951717,06/05/2024 21:45:51,1715031952219,2,06/05/2024 23:45:52,143617,34,task-vqb9,,37507704,hvbn2,9856737,,complete,,,computer,Desktop or Laptop,Windows 10,Chrome 123.0.0.0,1366x768,1366x679,,,,Stroop Task,7,Stroop ,spreadsheet_stroop_100,spreadsheet_stroop_100,42,16,2,Screen 2,buttonb,response_keyboard,1410.9000000953674,,,blue,1,1,0,0,,,,,1,Trials,BLUEred.jpg,blue,0,0
67,1715031952210,06/05/2024 21:45:52,1715031952710,2,06/05/2024 23:45:52,143617,34,task-vqb9,,37507704,hvbn2,9856737,,complete,,,computer,Desktop or Laptop,Windows 10,Chrome 123.0.0.0,1366x768,1366x679,,,,Stroop Task,7,Stroop ,spreadsheet_stroop_100,spreadsheet_stroop_100,49,17,1,Screen 1,fixation,fixation,500,,,,,0,1,0,,,,,1,Trials,BLUEyellow.jpg,blue,0,0
68,1715031952794,06/05/2024 21:45:52,1715031953302,2,06/05/2024 23:45:53,143617,34,task-vqb9,,37507704,hvbn2,9856737,,complete,,,computer,Desktop or Laptop,Windows 10,Chrome 123.0.0.0,1366x768,1366x679,,,,Stroop Task,7,Stroop ,spreadsheet_stroop_100,spreadsheet_stroop_100,49,17,2,Screen 2,buttonb,response_keyboard,575.5999999046326,,,blue,1,1,0,0,,,,,1,Trials,BLUEyellow.jpg,blue,0,0
69,1715031953293,06/05/2024 21:45:53,1715031953793,2,06/05/2024 23:45:53,143617,34,task-vqb9,,37507704,hvbn2,9856737,,complete,,,computer,Desktop or Laptop,Windows 10,Chrome 123.0.0.0,1366x768,1366x679,,,,Stroop Task,7,Stroop ,spreadsheet_stroop_100,spreadsheet_stroop_100,103,18,1,Screen 1,fixation,fixation,500.09999999999127,,,,,0,1,0,,,,,1,Trials,YELLOWred.jpg,yellow,0,0
70,1715031954222,06/05/2024 21:45:54,1715031954643,2,06/05/2024 23:45:54,143617,34,task-vqb9,,37507704,hvbn2,9856737,,complete,,,computer,Desktop or Laptop,Windows 10,Chrome 123.0.0.0,1366x768,1366x679,,,,Stroop Task,7,Stroop ,spreadsheet_stroop_100,spreadsheet_stroop_100,103,18,2,Screen 2,buttona,response_keyboard,834.6999998092651,,,yellow,1,1,0,0,,,,,1,Trials,YELLOWred.jpg,yellow,0,0
71,1715031954624,06/05/2024 21:45:54,1715031955127,2,06/05/2024 23:45:55,143617,34,task-vqb9,,37507704,hvbn2,9856737,,complete,,,computer,Desktop or Laptop,Windows 10,Chrome 123.0.0.0,1366x768,1366x679,,,,Stroop Task,7,Stroop ,spreadsheet_stroop_100,spreadsheet_stroop_100,53,19,1,Screen 1,fixation,fixation,500,,,,,0,1,0,,,,,1,Trials,BLUEyellow.jpg,blue,0,0
72,1715031955364,06/05/2024 21:45:55,1715031955865,2,06/05/2024 23:45:55,143617,34,task-vqb9,,37507704,hvbn2,9856737,,complete,,,computer,Desktop or Laptop,Windows 10,Chrome 123.0.0.0,1366x768,1366x679,,,,Stroop Task,7,Stroop ,spreadsheet_stroop_100,spreadsheet_stroop_100,53,19,2,Screen 2,buttonb,response_keyboard,724,,,blue,1,1,0,0,,,,,1,Trials,BLUEyellow.jpg,blue,0,0
73,1715031955856,06/05/2024 21:45:55,1715031956360,2,06/05/2024 23:45:56,143617,34,task-vqb9,,37507704,hvbn2,9856737,,complete,,,computer,Desktop or Laptop,Windows 10,Chrome 123.0.0.0,1366x768,1366x679,,,,Stroop Task,7,Stroop ,spreadsheet_stroop_100,spreadsheet_stroop_100,26,20,1,Screen 1,fixation,fixation,500,,,,,0,1,0,,,,,1,Trials,YELLOWyellow.jpg,yellow,1,0
74,1715031956787,06/05/2024 21:45:56,1715031957288,2,06/05/2024 23:45:57,143617,34,task-vqb9,,37507704,hvbn2,9856737,,complete,,,computer,Desktop or Laptop,Windows 10,Chrome 123.0.0.0,1366x768,1366x679,,,,Stroop Task,7,Stroop ,spreadsheet_stroop_100,spreadsheet_stroop_100,26,20,2,Screen 2,buttona,response_keyboard,913.8000001907349,,,yellow,1,1,0,0,,,,,1,Trials,YELLOWyellow.jpg,yellow,1,0
75,1715031957275,06/05/2024 21:45:57,1715031957776,2,06/05/2024 23:45:57,143617,34,task-vqb9,,37507704,hvbn2,9856737,,complete,,,computer,Desktop or Laptop,Windows 10,Chrome 123.0.0.0,1366x768,1366x679,,,,Stroop Task,7,Stroop ,spreadsheet_stroop_100,spreadsheet_stroop_100,110,21,1,Screen 1,fixation,fixation,500,,,,,0,1,0,,,,,1,Trials,REDred.jpg,red,1,0
76,1715031957811,06/05/2024 21:45:57,1715031958313,2,06/05/2024 23:45:58,143617,34,task-vqb9,,37507704,hvbn2,9856737,,complete,,,computer,Desktop or Laptop,Windows 10,Chrome 123.0.0.0,1366x768,1366x679,,,,Stroop Task,7,Stroop ,spreadsheet_stroop_100,spreadsheet_stroop_100,110,21,2,Screen 2,buttona,response_keyboard,522.5,,,red,1,1,0,0,,,,,1,Trials,REDred.jpg,red,1,0
77,1715031958315,06/05/2024 21:45:58,1715031958810,2,06/05/2024 23:45:58,143617,34,task-vqb9,,37507704,hvbn2,9856737,,complete,,,computer,Desktop or Laptop,Windows 10,Chrome 123.0.0.0,1366x768,1366x679,,,,Stroop Task,7,Stroop ,spreadsheet_stroop_100,spreadsheet_stroop_100,94,22,1,Screen 1,fixation,fixation,499.8999999999942,,,,,0,1,0,,,,,1,Trials,YELLOWyellow.jpg,yellow,1,0
78,1715031958992,06/05/2024 21:45:58,1715031959443,2,06/05/2024 23:45:59,143617,34,task-vqb9,,37507704,hvbn2,9856737,,complete,,,computer,Desktop or Laptop,Windows 10,Chrome 123.0.0.0,1366x768,1366x679,,,,Stroop Task,7,Stroop ,spreadsheet_stroop_100,spreadsheet_stroop_100,94,22,2,Screen 2,buttona,response_keyboard,617.5999999046326,,,yellow,1,1,0,0,,,,,1,Trials,YELLOWyellow.jpg,yellow,1,0
79,1715031959428,06/05/2024 21:45:59,1715031959926,2,06/05/2024 23:45:59,143617,34,task-vqb9,,37507704,hvbn2,9856737,,complete,,,computer,Desktop or Laptop,Windows 10,Chrome 123.0.0.0,1366x768,1366x679,,,,Stroop Task,7,Stroop ,spreadsheet_stroop_100,spreadsheet_stroop_100,79,23,1,Screen 1,fixation,fixation,499.90000000000873,,,,,0,1,0,,,,,1,Trials,REDyellow.jpg,red,0,0
80,1715031960410,06/05/2024 21:46:00,1715031960910,2,06/05/2024 23:46:00,143617,34,task-vqb9,,37507704,hvbn2,9856737,,complete,,,computer,Desktop or Laptop,Windows 10,Chrome 123.0.0.0,1366x768,1366x679,,,,Stroop Task,7,Stroop ,spreadsheet_stroop_100,spreadsheet_stroop_100,79,23,2,Screen 2,buttona,response_keyboard,969.6000003814697,,,red,1,1,0,0,,,,,1,Trials,REDyellow.jpg,red,0,0
81,1715031960891,06/05/2024 21:46:00,1715031961393,2,06/05/2024 23:46:01,143617,34,task-vqb9,,37507704,hvbn2,9856737,,complete,,,computer,Desktop or Laptop,Windows 10,Chrome 123.0.0.0,1366x768,1366x679,,,,Stroop Task,7,Stroop ,spreadsheet_stroop_100,spreadsheet_stroop_100,109,24,1,Screen 1,fixation,fixation,500,,,,,0,1,0,,,,,1,Trials,GREENgreen.jpg,green,1,0
82,1715031961891,06/05/2024 21:46:01,1715031962389,2,06/05/2024 23:46:02,143617,34,task-vqb9,,37507704,hvbn2,9856737,,complete,,,computer,Desktop or Laptop,Windows 10,Chrome 123.0.0.0,1366x768,1366x679,,,,Stroop Task,7,Stroop ,spreadsheet_stroop_100,spreadsheet_stroop_100,109,24,2,Screen 2,buttonb,response_keyboard,981.4000000953674,,,green,1,1,0,0,,,,,1,Trials,GREENgreen.jpg,green,1,0
83,1715031962372,06/05/2024 21:46:02,1715031962876,2,06/05/2024 23:46:02,143617,34,task-vqb9,,37507704,hvbn2,9856737,,complete,,,computer,Desktop or Laptop,Windows 10,Chrome 123.0.0.0,1366x768,1366x679,,,,Stroop Task,7,Stroop ,spreadsheet_stroop_100,spreadsheet_stroop_100,56,25,1,Screen 1,fixation,fixation,500,,,,,0,1,0,,,,,1,Trials,REDblue.jpg,red,0,0
84,1715031963930,06/05/2024 21:46:03,1715031964427,2,06/05/2024 23:46:04,143617,34,task-vqb9,,37507704,hvbn2,9856737,,complete,,,computer,Desktop or Laptop,Windows 10,Chrome 123.0.0.0,1366x768,1366x679,,,,Stroop Task,7,Stroop ,spreadsheet_stroop_100,spreadsheet_stroop_100,56,25,2,Screen 2,buttona,response_keyboard,1538.5,,,red,1,1,0,0,,,,,1,Trials,REDblue.jpg,red,0,0
85,1715031964412,06/05/2024 21:46:04,1715031964909,2,06/05/2024 23:46:04,143617,34,task-vqb9,,37507704,hvbn2,9856737,,complete,,,computer,Desktop or Laptop,Windows 10,Chrome 123.0.0.0,1366x768,1366x679,,,,Stroop Task,7,Stroop ,spreadsheet_stroop_100,spreadsheet_stroop_100,90,26,1,Screen 1,fixation,fixation,500,,,,,0,1,0,,,,,1,Trials,GREENgreen.jpg,green,1,0
86,1715031965164,06/05/2024 21:46:05,1715031965644,2,06/05/2024 23:46:05,143617,34,task-vqb9,,37507704,hvbn2,9856737,,complete,,,computer,Desktop or Laptop,Windows 10,Chrome 123.0.0.0,1366x768,1366x679,,,,Stroop Task,7,Stroop ,spreadsheet_stroop_100,spreadsheet_stroop_100,90,26,2,Screen 2,buttonb,response_keyboard,719.6999998092651,,,green,1,1,0,0,,,,,1,Trials,GREENgreen.jpg,green,1,0
87,1715031965627,06/05/2024 21:46:05,1715031966126,2,06/05/2024 23:46:06,143617,34,task-vqb9,,37507704,hvbn2,9856737,,complete,,,computer,Desktop or Laptop,Windows 10,Chrome 123.0.0.0,1366x768,1366x679,,,,Stroop Task,7,Stroop ,spreadsheet_stroop_100,spreadsheet_stroop_100,34,27,1,Screen 1,fixation,fixation,499.99999999998545,,,,,0,1,0,,,,,1,Trials,GREENyellow.jpg,green,0,0
88,1715031966392,06/05/2024 21:46:06,1715031966883,2,06/05/2024 23:46:06,143617,34,task-vqb9,,37507704,hvbn2,9856737,,complete,,,computer,Desktop or Laptop,Windows 10,Chrome 123.0.0.0,1366x768,1366x679,,,,Stroop Task,7,Stroop ,spreadsheet_stroop_100,spreadsheet_stroop_100,34,27,2,Screen 2,buttonb,response_keyboard,742.6999998092651,,,green,1,1,0,0,,,,,1,Trials,GREENyellow.jpg,green,0,0
89,1715031966888,06/05/2024 21:46:06,1715031967376,2,06/05/2024 23:46:07,143617,34,task-vqb9,,37507704,hvbn2,9856737,,complete,,,computer,Desktop or Laptop,Windows 10,Chrome 123.0.0.0,1366x768,1366x679,,,,Stroop Task,7,Stroop ,spreadsheet_stroop_100,spreadsheet_stroop_100,44,28,1,Screen 1,fixation,fixation,500.0999999999767,,,,,0,1,0,,,,,1,Trials,BLUEblue.jpg,blue,1,0
90,1715031968003,06/05/2024 21:46:08,1715031968500,2,06/05/2024 23:46:08,143617,34,task-vqb9,,37507704,hvbn2,9856737,,complete,,,computer,Desktop or Laptop,Windows 10,Chrome 123.0.0.0,1366x768,1366x679,,,,Stroop Task,7,Stroop ,spreadsheet_stroop_100,spreadsheet_stroop_100,44,28,2,Screen 2,buttonb,response_keyboard,1110.4000000953674,,,blue,1,1,0,0,,,,,1,Trials,BLUEblue.jpg,blue,1,0
91,1715031968489,06/05/2024 21:46:08,1715031968992,2,06/05/2024 23:46:08,143617,34,task-vqb9,,37507704,hvbn2,9856737,,complete,,,computer,Desktop or Laptop,Windows 10,Chrome 123.0.0.0,1366x768,1366x679,,,,Stroop Task,7,Stroop ,spreadsheet_stroop_100,spreadsheet_stroop_100,38,29,1,Screen 1,fixation,fixation,499.8999999999942,,,,,0,1,0,,,,,1,Trials,GREENyellow.jpg,green,0,0
92,1715031969185,06/05/2024 21:46:09,1715031969683,2,06/05/2024 23:46:09,143617,34,task-vqb9,,37507704,hvbn2,9856737,,complete,,,computer,Desktop or Laptop,Windows 10,Chrome 123.0.0.0,1366x768,1366x679,,,,Stroop Task,7,Stroop ,spreadsheet_stroop_100,spreadsheet_stroop_100,38,29,2,Screen 2,buttonb,response_keyboard,675.9000000953674,,,green,1,1,0,0,,,,,1,Trials,GREENyellow.jpg,green,0,0
93,1715031969682,06/05/2024 21:46:09,1715031970176,2,06/05/2024 23:46:10,143617,34,task-vqb9,,37507704,hvbn2,9856737,,complete,,,computer,Desktop or Laptop,Windows 10,Chrome 123.0.0.0,1366x768,1366x679,,,,Stroop Task,7,Stroop ,spreadsheet_stroop_100,spreadsheet_stroop_100,30,30,1,Screen 1,fixation,fixation,499.8999999999942,,,,,0,1,0,,,,,1,Trials,GREENyellow.jpg,green,0,0
94,1715031970186,06/05/2024 21:46:10,1715031970685,2,06/05/2024 23:46:10,143617,34,task-vqb9,,37507704,hvbn2,9856737,,complete,,,computer,Desktop or Laptop,Windows 10,Chrome 123.0.0.0,1366x768,1366x679,,,,Stroop Task,7,Stroop ,spreadsheet_stroop_100,spreadsheet_stroop_100,30,30,2,Screen 2,buttonb,response_keyboard,494.80000019073486,,,green,1,1,0,0,,,,,1,Trials,GREENyellow.jpg,green,0,0
95,1715031970677,06/05/2024 21:46:10,1715031971176,2,06/05/2024 23:46:11,143617,34,task-vqb9,,37507704,hvbn2,9856737,,complete,,,computer,Desktop or Laptop,Windows 10,Chrome 123.0.0.0,1366x768,1366x679,,,,Stroop Task,7,Stroop ,spreadsheet_stroop_100,spreadsheet_stroop_100,67,31,1,Screen 1,fixation,fixation,500,,,,,0,1,0,,,,,1,Trials,GREENgreen.jpg,green,1,0
96,1715031971165,06/05/2024 21:46:11,1715031971656,2,06/05/2024 23:46:11,143617,34,task-vqb9,,37507704,hvbn2,9856737,,complete,,,computer,Desktop or Laptop,Windows 10,Chrome 123.0.0.0,1366x768,1366x679,,,,Stroop Task,7,Stroop ,spreadsheet_stroop_100,spreadsheet_stroop_100,67,31,2,Screen 2,buttonb,response_keyboard,464.7999997138977,,,green,1,1,0,0,,,,,1,Trials,GREENgreen.jpg,green,1,0
97,1715031971645,06/05/2024 21:46:11,1715031972142,2,06/05/2024 23:46:12,143617,34,task-vqb9,,37507704,hvbn2,9856737,,complete,,,computer,Desktop or Laptop,Windows 10,Chrome 123.0.0.0,1366x768,1366x679,,,,Stroop Task,7,Stroop ,spreadsheet_stroop_100,spreadsheet_stroop_100,19,32,1,Screen 1,fixation,fixation,500,,,,,0,1,0,,,,,1,Trials,YELLOWyellow.jpg,yellow,1,0
98,1715031972527,06/05/2024 21:46:12,1715031973028,2,06/05/2024 23:46:13,143617,34,task-vqb9,,37507704,hvbn2,9856737,,complete,,,computer,Desktop or Laptop,Windows 10,Chrome 123.0.0.0,1366x768,1366x679,,,,Stroop Task,7,Stroop ,spreadsheet_stroop_100,spreadsheet_stroop_100,19,32,2,Screen 2,buttona,response_keyboard,871,,,yellow,1,1,0,0,,,,,1,Trials,YELLOWyellow.jpg,yellow,1,0
99,1715031973021,06/05/2024 21:46:13,1715031973526,2,06/05/2024 23:46:13,143617,34,task-vqb9,,37507704,hvbn2,9856737,,complete,,,computer,Desktop or Laptop,Windows 10,Chrome 123.0.0.0,1366x768,1366x679,,,,Stroop Task,7,Stroop ,spreadsheet_stroop_100,spreadsheet_stroop_100,66,33,1,Screen 1,fixation,fixation,500,,,,,0,1,0,,,,,1,Trials,YELLOWred.jpg,yellow,0,0
100,1715031973641,06/05/2024 21:46:13,1715031974140,2,06/05/2024 23:46:14,143617,34,task-vqb9,,37507704,hvbn2,9856737,,complete,,,computer,Desktop or Laptop,Windows 10,Chrome 123.0.0.0,1366x768,1366x679,,,,Stroop Task,7,Stroop ,spreadsheet_stroop_100,spreadsheet_stroop_100,66,33,2,Screen 2,buttona,response_keyboard,600.1999998092651,,,yellow,1,1,0,0,,,,,1,Trials,YELLOWred.jpg,yellow,0,0
101,1715031974126,06/05/2024 21:46:14,1715031974626,2,06/05/2024 23:46:14,143617,34,task-vqb9,,37507704,hvbn2,9856737,,complete,,,computer,Desktop or Laptop,Windows 10,Chrome 123.0.0.0,1366x768,1366x679,,,,Stroop Task,7,Stroop ,spreadsheet_stroop_100,spreadsheet_stroop_100,24,34,1,Screen 1,fixation,fixation,500,,,,,0,1,0,,,,,1,Trials,YELLOWblue.jpg,yellow,0,0
102,1715031974847,06/05/2024 21:46:14,1715031975348,2,06/05/2024 23:46:15,143617,34,task-vqb9,,37507704,hvbn2,9856737,,complete,,,computer,Desktop or Laptop,Windows 10,Chrome 123.0.0.0,1366x768,1366x679,,,,Stroop Task,7,Stroop ,spreadsheet_stroop_100,spreadsheet_stroop_100,24,34,2,Screen 2,buttona,response_keyboard,708.4000000953674,,,yellow,1,1,0,0,,,,,1,Trials,YELLOWblue.jpg,yellow,0,0
103,1715031975340,06/05/2024 21:46:15,1715031975842,2,06/05/2024 23:46:15,143617,34,task-vqb9,,37507704,hvbn2,9856737,,complete,,,computer,Desktop or Laptop,Windows 10,Chrome 123.0.0.0,1366x768,1366x679,,,,Stroop Task,7,Stroop ,spreadsheet_stroop_100,spreadsheet_stroop_100,99,35,1,Screen 1,fixation,fixation,500,,,,,0,1,0,,,,,1,Trials,REDblue.jpg,red,0,0
104,1715031975964,06/05/2024 21:46:15,1715031976464,2,06/05/2024 23:46:16,143617,34,task-vqb9,,37507704,hvbn2,9856737,,complete,,,computer,Desktop or Laptop,Windows 10,Chrome 123.0.0.0,1366x768,1366x679,,,,Stroop Task,7,Stroop ,spreadsheet_stroop_100,spreadsheet_stroop_100,99,35,2,Screen 2,buttona,response_keyboard,606.5999999046326,,,red,1,1,0,0,,,,,1,Trials,REDblue.jpg,red,0,0
105,1715031976471,06/05/2024 21:46:16,1715031976959,2,06/05/2024 23:46:16,143617,34,task-vqb9,,37507704,hvbn2,9856737,,complete,,,computer,Desktop or Laptop,Windows 10,Chrome 123.0.0.0,1366x768,1366x679,,,,Stroop Task,7,Stroop ,spreadsheet_stroop_100,spreadsheet_stroop_100,35,36,1,Screen 1,fixation,fixation,499.8999999999942,,,,,0,1,0,,,,,1,Trials,GREENblue.jpg,green,0,0
106,1715031977196,06/05/2024 21:46:17,1715031977696,2,06/05/2024 23:46:17,143617,34,task-vqb9,,37507704,hvbn2,9856737,,complete,,,computer,Desktop or Laptop,Windows 10,Chrome 123.0.0.0,1366x768,1366x679,,,,Stroop Task,7,Stroop ,spreadsheet_stroop_100,spreadsheet_stroop_100,35,36,2,Screen 2,buttonb,response_keyboard,723.1999998092651,,,green,1,1,0,0,,,,,1,Trials,GREENblue.jpg,green,0,0
107,1715031977692,06/05/2024 21:46:17,1715031978192,2,06/05/2024 23:46:18,143617,34,task-vqb9,,37507704,hvbn2,9856737,,complete,,,computer,Desktop or Laptop,Windows 10,Chrome 123.0.0.0,1366x768,1366x679,,,,Stroop Task,7,Stroop ,spreadsheet_stroop_100,spreadsheet_stroop_100,100,37,1,Screen 1,fixation,fixation,500,,,,,0,1,0,,,,,1,Trials,BLUEred.jpg,blue,0,0
108,1715031978899,06/05/2024 21:46:18,1715031979393,2,06/05/2024 23:46:19,143617,34,task-vqb9,,37507704,hvbn2,9856737,,complete,,,computer,Desktop or Laptop,Windows 10,Chrome 123.0.0.0,1366x768,1366x679,,,,Stroop Task,7,Stroop ,spreadsheet_stroop_100,spreadsheet_stroop_100,100,37,2,Screen 2,buttonb,response_keyboard,1186.4000000953674,,,blue,1,1,0,0,,,,,1,Trials,BLUEred.jpg,blue,0,0
109,1715031979382,06/05/2024 21:46:19,1715031979875,2,06/05/2024 23:46:19,143617,34,task-vqb9,,37507704,hvbn2,9856737,,complete,,,computer,Desktop or Laptop,Windows 10,Chrome 123.0.0.0,1366x768,1366x679,,,,Stroop Task,7,Stroop ,spreadsheet_stroop_100,spreadsheet_stroop_100,33,38,1,Screen 1,fixation,fixation,500,,,,,0,1,0,,,,,1,Trials,GREENgreen.jpg,green,1,0
110,1715031979948,06/05/2024 21:46:19,1715031980450,2,06/05/2024 23:46:20,143617,34,task-vqb9,,37507704,hvbn2,9856737,,complete,,,computer,Desktop or Laptop,Windows 10,Chrome 123.0.0.0,1366x768,1366x679,,,,Stroop Task,7,Stroop ,spreadsheet_stroop_100,spreadsheet_stroop_100,33,38,2,Screen 2,buttonb,response_keyboard,561,,,green,1,1,0,0,,,,,1,Trials,GREENgreen.jpg,green,1,0
111,1715031980439,06/05/2024 21:46:20,1715031980942,2,06/05/2024 23:46:20,143617,34,task-vqb9,,37507704,hvbn2,9856737,,complete,,,computer,Desktop or Laptop,Windows 10,Chrome 123.0.0.0,1366x768,1366x679,,,,Stroop Task,7,Stroop ,spreadsheet_stroop_100,spreadsheet_stroop_100,39,39,1,Screen 1,fixation,fixation,500,,,,,0,1,0,,,,,1,Trials,GREENblue.jpg,green,0,0
112,1715031981423,06/05/2024 21:46:21,1715031981926,2,06/05/2024 23:46:21,143617,34,task-vqb9,,37507704,hvbn2,9856737,,complete,,,computer,Desktop or Laptop,Windows 10,Chrome 123.0.0.0,1366x768,1366x679,,,,Stroop Task,7,Stroop ,spreadsheet_stroop_100,spreadsheet_stroop_100,39,39,2,Screen 2,buttonb,response_keyboard,969.3999996185303,,,green,1,1,0,0,,,,,1,Trials,GREENblue.jpg,green,0,0
113,1715031981910,06/05/2024 21:46:21,1715031982408,2,06/05/2024 23:46:22,143617,34,task-vqb9,,37507704,hvbn2,9856737,,complete,,,computer,Desktop or Laptop,Windows 10,Chrome 123.0.0.0,1366x768,1366x679,,,,Stroop Task,7,Stroop ,spreadsheet_stroop_100,spreadsheet_stroop_100,93,40,1,Screen 1,fixation,fixation,500,,,,,0,1,0,,,,,1,Trials,YELLOWyellow.jpg,yellow,1,0
114,1715031983359,06/05/2024 21:46:23,1715031983846,2,06/05/2024 23:46:23,143617,34,task-vqb9,,37507704,hvbn2,9856737,,complete,,,computer,Desktop or Laptop,Windows 10,Chrome 123.0.0.0,1366x768,1366x679,,,,Stroop Task,7,Stroop ,spreadsheet_stroop_100,spreadsheet_stroop_100,93,40,2,Screen 2,buttona,response_keyboard,1423.8000001907349,,,yellow,1,1,0,0,,,,,1,Trials,YELLOWyellow.jpg,yellow,1,0
115,1715031983842,06/05/2024 21:46:23,1715031984342,2,06/05/2024 23:46:24,143617,34,task-vqb9,,37507704,hvbn2,9856737,,complete,,,computer,Desktop or Laptop,Windows 10,Chrome 123.0.0.0,1366x768,1366x679,,,,Stroop Task,7,Stroop ,spreadsheet_stroop_100,spreadsheet_stroop_100,82,41,1,Screen 1,fixation,fixation,499.8999999999942,,,,,0,1,0,,,,,1,Trials,BLUEblue.jpg,blue,1,0
116,1715031984674,06/05/2024 21:46:24,1715031985177,2,06/05/2024 23:46:25,143617,34,task-vqb9,,37507704,hvbn2,9856737,,complete,,,computer,Desktop or Laptop,Windows 10,Chrome 123.0.0.0,1366x768,1366x679,,,,Stroop Task,7,Stroop ,spreadsheet_stroop_100,spreadsheet_stroop_100,82,41,2,Screen 2,buttonb,response_keyboard,820.9000000953674,,,blue,1,1,0,0,,,,,1,Trials,BLUEblue.jpg,blue,1,0
117,1715031985181,06/05/2024 21:46:25,1715031985675,2,06/05/2024 23:46:25,143617,34,task-vqb9,,37507704,hvbn2,9856737,,complete,,,computer,Desktop or Laptop,Windows 10,Chrome 123.0.0.0,1366x768,1366x679,,,,Stroop Task,7,Stroop ,spreadsheet_stroop_100,spreadsheet_stroop_100,86,42,1,Screen 1,fixation,fixation,500,,,,,0,1,0,,,,,1,Trials,REDred.jpg,red,1,0
118,1715031986033,06/05/2024 21:46:26,1715031986536,2,06/05/2024 23:46:26,143617,34,task-vqb9,,37507704,hvbn2,9856737,,complete,,,computer,Desktop or Laptop,Windows 10,Chrome 123.0.0.0,1366x768,1366x679,,,,Stroop Task,7,Stroop ,spreadsheet_stroop_100,spreadsheet_stroop_100,86,42,2,Screen 2,buttona,response_keyboard,847.5,,,red,1,1,0,0,,,,,1,Trials,REDred.jpg,red,1,0
119,1715031986525,06/05/2024 21:46:26,1715031987025,2,06/05/2024 23:46:27,143617,34,task-vqb9,,37507704,hvbn2,9856737,,complete,,,computer,Desktop or Laptop,Windows 10,Chrome 123.0.0.0,1366x768,1366x679,,,,Stroop Task,7,Stroop ,spreadsheet_stroop_100,spreadsheet_stroop_100,88,43,1,Screen 1,fixation,fixation,499.8999999999942,,,,,0,1,0,,,,,1,Trials,REDgreen.jpg,red,0,0
120,1715031987021,06/05/2024 21:46:27,1715031987472,2,06/05/2024 23:46:27,143617,34,task-vqb9,,37507704,hvbn2,9856737,,complete,,,computer,Desktop or Laptop,Windows 10,Chrome 123.0.0.0,1366x768,1366x679,,,,Stroop Task,7,Stroop ,spreadsheet_stroop_100,spreadsheet_stroop_100,88,43,2,Screen 2,buttona,response_keyboard,428.59999990463257,,,red,1,1,0,0,,,,,1,Trials,REDgreen.jpg,red,0,0
121,1715031987460,06/05/2024 21:46:27,1715031987958,2,06/05/2024 23:46:27,143617,34,task-vqb9,,37507704,hvbn2,9856737,,complete,,,computer,Desktop or Laptop,Windows 10,Chrome 123.0.0.0,1366x768,1366x679,,,,Stroop Task,7,Stroop ,spreadsheet_stroop_100,spreadsheet_stroop_100,80,44,1,Screen 1,fixation,fixation,500,,,,,0,1,0,,,,,1,Trials,BLUEred.jpg,blue,0,0
122,1715031988377,06/05/2024 21:46:28,1715031988876,2,06/05/2024 23:46:28,143617,34,task-vqb9,,37507704,hvbn2,9856737,,complete,,,computer,Desktop or Laptop,Windows 10,Chrome 123.0.0.0,1366x768,1366x679,,,,Stroop Task,7,Stroop ,spreadsheet_stroop_100,spreadsheet_stroop_100,80,44,2,Screen 2,buttonb,response_keyboard,903.7999997138977,,,blue,1,1,0,0,,,,,1,Trials,BLUEred.jpg,blue,0,0
123,1715031988853,06/05/2024 21:46:28,1715031989358,2,06/05/2024 23:46:29,143617,34,task-vqb9,,37507704,hvbn2,9856737,,complete,,,computer,Desktop or Laptop,Windows 10,Chrome 123.0.0.0,1366x768,1366x679,,,,Stroop Task,7,Stroop ,spreadsheet_stroop_100,spreadsheet_stroop_100,73,45,1,Screen 1,fixation,fixation,500,,,,,0,1,0,,,,,1,Trials,REDred.jpg,red,1,0
124,1715031989642,06/05/2024 21:46:29,1715031990148,2,06/05/2024 23:46:30,143617,34,task-vqb9,,37507704,hvbn2,9856737,,complete,,,computer,Desktop or Laptop,Windows 10,Chrome 123.0.0.0,1366x768,1366x679,,,,Stroop Task,7,Stroop ,spreadsheet_stroop_100,spreadsheet_stroop_100,73,45,2,Screen 2,buttona,response_keyboard,775.7999997138977,,,red,1,1,0,0,,,,,1,Trials,REDred.jpg,red,1,0
125,1715031990156,06/05/2024 21:46:30,1715031990641,2,06/05/2024 23:46:30,143617,34,task-vqb9,,37507704,hvbn2,9856737,,complete,,,computer,Desktop or Laptop,Windows 10,Chrome 123.0.0.0,1366x768,1366x679,,,,Stroop Task,7,Stroop ,spreadsheet_stroop_100,spreadsheet_stroop_100,28,46,1,Screen 1,fixation,fixation,499.8999999999942,,,,,0,1,0,,,,,1,Trials,YELLOWblue.jpg,yellow,0,0
126,1715031991277,06/05/2024 21:46:31,1715031991772,2,06/05/2024 23:46:31,143617,34,task-vqb9,,37507704,hvbn2,9856737,,complete,,,computer,Desktop or Laptop,Windows 10,Chrome 123.0.0.0,1366x768,1366x679,,,,Stroop Task,7,Stroop ,spreadsheet_stroop_100,spreadsheet_stroop_100,28,46,2,Screen 2,buttona,response_keyboard,1098.3000001907349,,,yellow,1,1,0,0,,,,,1,Trials,YELLOWblue.jpg,yellow,0,0
127,1715031991771,06/05/2024 21:46:31,1715031992258,2,06/05/2024 23:46:32,143617,34,task-vqb9,,37507704,hvbn2,9856737,,complete,,,computer,Desktop or Laptop,Windows 10,Chrome 123.0.0.0,1366x768,1366x679,,,,Stroop Task,7,Stroop ,spreadsheet_stroop_100,spreadsheet_stroop_100,98,47,1,Screen 1,fixation,fixation,500,,,,,0,1,0,,,,,1,Trials,REDred.jpg,red,1,0
128,1715031992455,06/05/2024 21:46:32,1715031992957,2,06/05/2024 23:46:32,143617,34,task-vqb9,,37507704,hvbn2,9856737,,complete,,,computer,Desktop or Laptop,Windows 10,Chrome 123.0.0.0,1366x768,1366x679,,,,Stroop Task,7,Stroop ,spreadsheet_stroop_100,spreadsheet_stroop_100,98,47,2,Screen 2,buttona,response_keyboard,684.3000001907349,,,red,1,1,0,0,,,,,1,Trials,REDred.jpg,red,1,0
129,1715031992988,06/05/2024 21:46:32,1715031993441,2,06/05/2024 23:46:33,143617,34,task-vqb9,,37507704,hvbn2,9856737,,complete,,,computer,Desktop or Laptop,Windows 10,Chrome 123.0.0.0,1366x768,1366x679,,,,Stroop Task,7,Stroop ,spreadsheet_stroop_100,spreadsheet_stroop_100,60,48,1,Screen 1,fixation,fixation,500,,,,,0,1,0,,,,,1,Trials,REDblue.jpg,red,0,0
130,1715031993443,06/05/2024 21:46:33,1715031993946,2,06/05/2024 23:46:33,143617,34,task-vqb9,,37507704,hvbn2,9856737,,complete,,,computer,Desktop or Laptop,Windows 10,Chrome 123.0.0.0,1366x768,1366x679,,,,Stroop Task,7,Stroop ,spreadsheet_stroop_100,spreadsheet_stroop_100,60,48,2,Screen 2,buttona,response_keyboard,490.5,,,red,1,1,0,0,,,,,1,Trials,REDblue.jpg,red,0,0
131,1715031993939,06/05/2024 21:46:33,1715031994441,2,06/05/2024 23:46:34,143617,34,task-vqb9,,37507704,hvbn2,9856737,,complete,,,computer,Desktop or Laptop,Windows 10,Chrome 123.0.0.0,1366x768,1366x679,,,,Stroop Task,7,Stroop ,spreadsheet_stroop_100,spreadsheet_stroop_100,78,49,1,Screen 1,fixation,fixation,500,,,,,0,1,0,,,,,1,Trials,YELLOWblue.jpg,yellow,0,0
132,1715031994688,06/05/2024 21:46:34,1715031995178,2,06/05/2024 23:46:35,143617,34,task-vqb9,,37507704,hvbn2,9856737,,complete,,,computer,Desktop or Laptop,Windows 10,Chrome 123.0.0.0,1366x768,1366x679,,,,Stroop Task,7,Stroop ,spreadsheet_stroop_100,spreadsheet_stroop_100,78,49,2,Screen 2,buttona,response_keyboard,723.5,,,yellow,1,1,0,0,,,,,1,Trials,YELLOWblue.jpg,yellow,0,0
133,1715031995167,06/05/2024 21:46:35,1715031995674,2,06/05/2024 23:46:35,143617,34,task-vqb9,,37507704,hvbn2,9856737,,complete,,,computer,Desktop or Laptop,Windows 10,Chrome 123.0.0.0,1366x768,1366x679,,,,Stroop Task,7,Stroop ,spreadsheet_stroop_100,spreadsheet_stroop_100,68,50,1,Screen 1,fixation,fixation,500,,,,,0,1,0,,,,,1,Trials,BLUEblue.jpg,blue,1,0
134,1715031996069,06/05/2024 21:46:36,1715031996571,2,06/05/2024 23:46:36,143617,34,task-vqb9,,37507704,hvbn2,9856737,,complete,,,computer,Desktop or Laptop,Windows 10,Chrome 123.0.0.0,1366x768,1366x679,,,,Stroop Task,7,Stroop ,spreadsheet_stroop_100,spreadsheet_stroop_100,68,50,2,Screen 2,buttonb,response_keyboard,881.3000001907349,,,blue,1,1,0,0,,,,,1,Trials,BLUEblue.jpg,blue,1,0
135,1715031996555,06/05/2024 21:46:36,1715031997058,2,06/05/2024 23:46:37,143617,34,task-vqb9,,37507704,hvbn2,9856737,,complete,,,computer,Desktop or Laptop,Windows 10,Chrome 123.0.0.0,1366x768,1366x679,,,,Stroop Task,7,Stroop ,spreadsheet_stroop_100,spreadsheet_stroop_100,65,51,1,Screen 1,fixation,fixation,499.8999999999942,,,,,0,1,0,,,,,1,Trials,REDred.jpg,red,1,0
136,1715031997406,06/05/2024 21:46:37,1715031997906,2,06/05/2024 23:46:37,143617,34,task-vqb9,,37507704,hvbn2,9856737,,complete,,,computer,Desktop or Laptop,Windows 10,Chrome 123.0.0.0,1366x768,1366x679,,,,Stroop Task,7,Stroop ,spreadsheet_stroop_100,spreadsheet_stroop_100,65,51,2,Screen 2,buttona,response_keyboard,834.1999998092651,,,red,1,1,0,0,,,,,1,Trials,REDred.jpg,red,1,0
137,1715031997882,06/05/2024 21:46:37,1715031998391,2,06/05/2024 23:46:38,143617,34,task-vqb9,,37507704,hvbn2,9856737,,complete,,,computer,Desktop or Laptop,Windows 10,Chrome 123.0.0.0,1366x768,1366x679,,,,Stroop Task,7,Stroop ,spreadsheet_stroop_100,spreadsheet_stroop_100,57,52,1,Screen 1,fixation,fixation,500,,,,,0,1,0,,,,,1,Trials,REDred.jpg,red,1,0
138,1715031998415,06/05/2024 21:46:38,1715031998909,2,06/05/2024 23:46:38,143617,34,task-vqb9,,37507704,hvbn2,9856737,,complete,,,computer,Desktop or Laptop,Windows 10,Chrome 123.0.0.0,1366x768,1366x679,,,,Stroop Task,7,Stroop ,spreadsheet_stroop_100,spreadsheet_stroop_100,57,52,2,Screen 2,buttona,response_keyboard,504,,,red,1,1,0,0,,,,,1,Trials,REDred.jpg,red,1,0
139,1715031998888,06/05/2024 21:46:38,1715031999391,2,06/05/2024 23:46:39,143617,34,task-vqb9,,37507704,hvbn2,9856737,,complete,,,computer,Desktop or Laptop,Windows 10,Chrome 123.0.0.0,1366x768,1366x679,,,,Stroop Task,7,Stroop ,spreadsheet_stroop_100,spreadsheet_stroop_100,91,53,1,Screen 1,fixation,fixation,500.1000000000058,,,,,0,1,0,,,,,1,Trials,YELLOWyellow.jpg,yellow,1,0
140,1715031999430,06/05/2024 21:46:39,1715031999941,2,06/05/2024 23:46:39,143617,34,task-vqb9,,37507704,hvbn2,9856737,,complete,,,computer,Desktop or Laptop,Windows 10,Chrome 123.0.0.0,1366x768,1366x679,,,,Stroop Task,7,Stroop ,spreadsheet_stroop_100,spreadsheet_stroop_100,91,53,2,Screen 2,buttona,response_keyboard,535.0999999046326,,,yellow,1,1,0,0,,,,,1,Trials,YELLOWyellow.jpg,yellow,1,0
141,1715031999920,06/05/2024 21:46:39,1715032000424,2,06/05/2024 23:46:40,143617,34,task-vqb9,,37507704,hvbn2,9856737,,complete,,,computer,Desktop or Laptop,Windows 10,Chrome 123.0.0.0,1366x768,1366x679,,,,Stroop Task,7,Stroop ,spreadsheet_stroop_100,spreadsheet_stroop_100,108,54,1,Screen 1,fixation,fixation,500,,,,,0,1,0,,,,,1,Trials,GREENgreen.jpg,green,1,0
142,1715032000634,06/05/2024 21:46:40,1715032001132,2,06/05/2024 23:46:41,143617,34,task-vqb9,,37507704,hvbn2,9856737,,complete,,,computer,Desktop or Laptop,Windows 10,Chrome 123.0.0.0,1366x768,1366x679,,,,Stroop Task,7,Stroop ,spreadsheet_stroop_100,spreadsheet_stroop_100,108,54,2,Screen 2,buttonb,response_keyboard,693.5999999046326,,,green,1,1,0,0,,,,,1,Trials,GREENgreen.jpg,green,1,0
143,1715032001122,06/05/2024 21:46:41,1715032001624,2,06/05/2024 23:46:41,143617,34,task-vqb9,,37507704,hvbn2,9856737,,complete,,,computer,Desktop or Laptop,Windows 10,Chrome 123.0.0.0,1366x768,1366x679,,,,Stroop Task,7,Stroop ,spreadsheet_stroop_100,spreadsheet_stroop_100,97,55,1,Screen 1,fixation,fixation,499.8999999999942,,,,,0,1,0,,,,,1,Trials,REDred.jpg,red,1,0
144,1715032002040,06/05/2024 21:46:42,1715032002533,2,06/05/2024 23:46:42,143617,34,task-vqb9,,37507704,hvbn2,9856737,,complete,,,computer,Desktop or Laptop,Windows 10,Chrome 123.0.0.0,1366x768,1366x679,,,,Stroop Task,7,Stroop ,spreadsheet_stroop_100,spreadsheet_stroop_100,97,55,2,Screen 2,buttona,response_keyboard,895.1999998092651,,,red,1,1,0,0,,,,,1,Trials,REDred.jpg,red,1,0
145,1715032002531,06/05/2024 21:46:42,1715032003024,2,06/05/2024 23:46:43,143617,34,task-vqb9,,37507704,hvbn2,9856737,,complete,,,computer,Desktop or Laptop,Windows 10,Chrome 123.0.0.0,1366x768,1366x679,,,,Stroop Task,7,Stroop ,spreadsheet_stroop_100,spreadsheet_stroop_100,45,56,1,Screen 1,fixation,fixation,499.8999999999942,,,,,0,1,0,,,,,1,Trials,BLUEyellow.jpg,blue,0,0
146,1715032003399,06/05/2024 21:46:43,1715032003907,2,06/05/2024 23:46:43,143617,34,task-vqb9,,37507704,hvbn2,9856737,,complete,,,computer,Desktop or Laptop,Windows 10,Chrome 123.0.0.0,1366x768,1366x679,,,,Stroop Task,7,Stroop ,spreadsheet_stroop_100,spreadsheet_stroop_100,45,56,2,Screen 2,buttonb,response_keyboard,867.8000001907349,,,blue,1,1,0,0,,,,,1,Trials,BLUEyellow.jpg,blue,0,0
147,1715032003887,06/05/2024 21:46:43,1715032004391,2,06/05/2024 23:46:44,143617,34,task-vqb9,,37507704,hvbn2,9856737,,complete,,,computer,Desktop or Laptop,Windows 10,Chrome 123.0.0.0,1366x768,1366x679,,,,Stroop Task,7,Stroop ,spreadsheet_stroop_100,spreadsheet_stroop_100,81,57,1,Screen 1,fixation,fixation,500,,,,,0,1,0,,,,,1,Trials,GREENgreen.jpg,green,1,0
148,1715032005074,06/05/2024 21:46:45,1715032005562,2,06/05/2024 23:46:45,143617,34,task-vqb9,,37507704,hvbn2,9856737,,complete,,,computer,Desktop or Laptop,Windows 10,Chrome 123.0.0.0,1366x768,1366x679,,,,Stroop Task,7,Stroop ,spreadsheet_stroop_100,spreadsheet_stroop_100,81,57,2,Screen 2,buttonb,response_keyboard,1158.1000003814697,,,green,1,1,0,0,,,,,1,Trials,GREENgreen.jpg,green,1,0
149,1715032005557,06/05/2024 21:46:45,1715032006057,2,06/05/2024 23:46:46,143617,34,task-vqb9,,37507704,hvbn2,9856737,,complete,,,computer,Desktop or Laptop,Windows 10,Chrome 123.0.0.0,1366x768,1366x679,,,,Stroop Task,7,Stroop ,spreadsheet_stroop_100,spreadsheet_stroop_100,40,58,1,Screen 1,fixation,fixation,499.8999999999942,,,,,0,1,0,,,,,1,Trials,GREENred.jpg,green,0,0
150,1715032005976,06/05/2024 21:46:45,1715032006474,2,06/05/2024 23:46:46,143617,34,task-vqb9,,37507704,hvbn2,9856737,,complete,,,computer,Desktop or Laptop,Windows 10,Chrome 123.0.0.0,1366x768,1366x679,,,,Stroop Task,7,Stroop ,spreadsheet_stroop_100,spreadsheet_stroop_100,40,58,2,Screen 2,buttonb,response_keyboard,403.40000009536743,,,green,1,1,0,0,,,,,1,Trials,GREENred.jpg,green,0,0
151,1715032006447,06/05/2024 21:46:46,1715032006957,2,06/05/2024 23:46:46,143617,34,task-vqb9,,37507704,hvbn2,9856737,,complete,,,computer,Desktop or Laptop,Windows 10,Chrome 123.0.0.0,1366x768,1366x679,,,,Stroop Task,7,Stroop ,spreadsheet_stroop_100,spreadsheet_stroop_100,31,59,1,Screen 1,fixation,fixation,500,,,,,0,1,0,,,,,1,Trials,GREENblue.jpg,green,0,0
152,1715032006875,06/05/2024 21:46:46,1715032007375,2,06/05/2024 23:46:47,143617,34,task-vqb9,,37507704,hvbn2,9856737,,complete,,,computer,Desktop or Laptop,Windows 10,Chrome 123.0.0.0,1366x768,1366x679,,,,Stroop Task,7,Stroop ,spreadsheet_stroop_100,spreadsheet_stroop_100,31,59,2,Screen 2,buttonb,response_keyboard,404.2999997138977,,,green,1,1,0,0,,,,,1,Trials,GREENblue.jpg,green,0,0
153,1715032007357,06/05/2024 21:46:47,1715032007857,2,06/05/2024 23:46:47,143617,34,task-vqb9,,37507704,hvbn2,9856737,,complete,,,computer,Desktop or Laptop,Windows 10,Chrome 123.0.0.0,1366x768,1366x679,,,,Stroop Task,7,Stroop ,spreadsheet_stroop_100,spreadsheet_stroop_100,89,60,1,Screen 1,fixation,fixation,500,,,,,0,1,0,,,,,1,Trials,GREENred.jpg,green,0,0
154,1715032007859,06/05/2024 21:46:47,1715032008363,2,06/05/2024 23:46:48,143617,34,task-vqb9,,37507704,hvbn2,9856737,,complete,,,computer,Desktop or Laptop,Windows 10,Chrome 123.0.0.0,1366x768,1366x679,,,,Stroop Task,7,Stroop ,spreadsheet_stroop_100,spreadsheet_stroop_100,89,60,2,Screen 2,buttonb,response_keyboard,490.69999980926514,,,green,1,1,0,0,,,,,1,Trials,GREENred.jpg,green,0,0
155,1715032008363,06/05/2024 21:46:48,1715032008857,2,06/05/2024 23:46:48,143617,34,task-vqb9,,37507704,hvbn2,9856737,,complete,,,computer,Desktop or Laptop,Windows 10,Chrome 123.0.0.0,1366x768,1366x679,,,,Stroop Task,7,Stroop ,spreadsheet_stroop_100,spreadsheet_stroop_100,114,61,1,Screen 1,fixation,fixation,500,,,,,0,1,0,,,,,1,Trials,BLUEyellow.jpg,yellow,0,0
156,1715032009852,06/05/2024 21:46:49,1715032010349,2,06/05/2024 23:46:50,143617,34,task-vqb9,,37507704,hvbn2,9856737,,complete,,,computer,Desktop or Laptop,Windows 10,Chrome 123.0.0.0,1366x768,1366x679,,,,Stroop Task,7,Stroop ,spreadsheet_stroop_100,spreadsheet_stroop_100,114,61,2,Screen 2,buttonb,response_keyboard,1478,,,blue,1,0,1,0,,,,,1,Trials,BLUEyellow.jpg,yellow,0,0
157,1715032010336,06/05/2024 21:46:50,1715032010840,2,06/05/2024 23:46:50,143617,34,task-vqb9,,37507704,hvbn2,9856737,,complete,,,computer,Desktop or Laptop,Windows 10,Chrome 123.0.0.0,1366x768,1366x679,,,,Stroop Task,7,Stroop ,spreadsheet_stroop_100,spreadsheet_stroop_100,83,62,1,Screen 1,fixation,fixation,499.8999999999942,,,,,0,1,0,,,,,1,Trials,BLUEblue.jpg,blue,1,0
158,1715032010880,06/05/2024 21:46:50,1715032011380,2,06/05/2024 23:46:51,143617,34,task-vqb9,,37507704,hvbn2,9856737,,complete,,,computer,Desktop or Laptop,Windows 10,Chrome 123.0.0.0,1366x768,1366x679,,,,Stroop Task,7,Stroop ,spreadsheet_stroop_100,spreadsheet_stroop_100,83,62,2,Screen 2,buttonb,response_keyboard,525.0999999046326,,,blue,1,1,0,0,,,,,1,Trials,BLUEblue.jpg,blue,1,0
159,1715032011369,06/05/2024 21:46:51,1715032011873,2,06/05/2024 23:46:51,143617,34,task-vqb9,,37507704,hvbn2,9856737,,complete,,,computer,Desktop or Laptop,Windows 10,Chrome 123.0.0.0,1366x768,1366x679,,,,Stroop Task,7,Stroop ,spreadsheet_stroop_100,spreadsheet_stroop_100,92,63,1,Screen 1,fixation,fixation,500,,,,,0,1,0,,,,,1,Trials,REDyellow.jpg,red,0,0
160,1715032012143,06/05/2024 21:46:52,1715032012645,2,06/05/2024 23:46:52,143617,34,task-vqb9,,37507704,hvbn2,9856737,,complete,,,computer,Desktop or Laptop,Windows 10,Chrome 123.0.0.0,1366x768,1366x679,,,,Stroop Task,7,Stroop ,spreadsheet_stroop_100,spreadsheet_stroop_100,92,63,2,Screen 2,buttona,response_keyboard,757,,,red,1,1,0,0,,,,,1,Trials,REDyellow.jpg,red,0,0
161,1715032012639,06/05/2024 21:46:52,1715032013140,2,06/05/2024 23:46:53,143617,34,task-vqb9,,37507704,hvbn2,9856737,,complete,,,computer,Desktop or Laptop,Windows 10,Chrome 123.0.0.0,1366x768,1366x679,,,,Stroop Task,7,Stroop ,spreadsheet_stroop_100,spreadsheet_stroop_100,64,64,1,Screen 1,fixation,fixation,500,,,,,0,1,0,,,,,1,Trials,REDblue.jpg,red,0,0
162,1715032013178,06/05/2024 21:46:53,1715032013658,2,06/05/2024 23:46:53,143617,34,task-vqb9,,37507704,hvbn2,9856737,,complete,,,computer,Desktop or Laptop,Windows 10,Chrome 123.0.0.0,1366x768,1366x679,,,,Stroop Task,7,Stroop ,spreadsheet_stroop_100,spreadsheet_stroop_100,64,64,2,Screen 2,buttona,response_keyboard,504.19999980926514,,,red,1,1,0,0,,,,,1,Trials,REDblue.jpg,red,0,0
163,1715032013632,06/05/2024 21:46:53,1715032014140,2,06/05/2024 23:46:54,143617,34,task-vqb9,,37507704,hvbn2,9856737,,complete,,,computer,Desktop or Laptop,Windows 10,Chrome 123.0.0.0,1366x768,1366x679,,,,Stroop Task,7,Stroop ,spreadsheet_stroop_100,spreadsheet_stroop_100,37,65,1,Screen 1,fixation,fixation,500.1000000000058,,,,,0,1,0,,,,,1,Trials,GREENgreen.jpg,green,1,0
164,1715032014346,06/05/2024 21:46:54,1715032014856,2,06/05/2024 23:46:54,143617,34,task-vqb9,,37507704,hvbn2,9856737,,complete,,,computer,Desktop or Laptop,Windows 10,Chrome 123.0.0.0,1366x768,1366x679,,,,Stroop Task,7,Stroop ,spreadsheet_stroop_100,spreadsheet_stroop_100,37,65,2,Screen 2,buttonb,response_keyboard,702.1000003814697,,,green,1,1,0,0,,,,,1,Trials,GREENgreen.jpg,green,1,0
165,1715032014836,06/05/2024 21:46:54,1715032015340,2,06/05/2024 23:46:55,143617,34,task-vqb9,,37507704,hvbn2,9856737,,complete,,,computer,Desktop or Laptop,Windows 10,Chrome 123.0.0.0,1366x768,1366x679,,,,Stroop Task,7,Stroop ,spreadsheet_stroop_100,spreadsheet_stroop_100,46,66,1,Screen 1,fixation,fixation,500,,,,,0,1,0,,,,,1,Trials,BLUEred.jpg,blue,0,0
166,1715032015500,06/05/2024 21:46:55,1715032016010,2,06/05/2024 23:46:56,143617,34,task-vqb9,,37507704,hvbn2,9856737,,complete,,,computer,Desktop or Laptop,Windows 10,Chrome 123.0.0.0,1366x768,1366x679,,,,Stroop Task,7,Stroop ,spreadsheet_stroop_100,spreadsheet_stroop_100,46,66,2,Screen 2,buttonb,response_keyboard,655.8000001907349,,,blue,1,1,0,0,,,,,1,Trials,BLUEred.jpg,blue,0,0
167,1715032016003,06/05/2024 21:46:56,1715032016507,2,06/05/2024 23:46:56,143617,34,task-vqb9,,37507704,hvbn2,9856737,,complete,,,computer,Desktop or Laptop,Windows 10,Chrome 123.0.0.0,1366x768,1366x679,,,,Stroop Task,7,Stroop ,spreadsheet_stroop_100,spreadsheet_stroop_100,51,67,1,Screen 1,fixation,fixation,499.8999999999942,,,,,0,1,0,,,,,1,Trials,BLUEgreen.jpg,blue,0,0
168,1715032016789,06/05/2024 21:46:56,1715032017286,2,06/05/2024 23:46:57,143617,34,task-vqb9,,37507704,hvbn2,9856737,,complete,,,computer,Desktop or Laptop,Windows 10,Chrome 123.0.0.0,1366x768,1366x679,,,,Stroop Task,7,Stroop ,spreadsheet_stroop_100,spreadsheet_stroop_100,51,67,2,Screen 2,buttonb,response_keyboard,764.5999999046326,,,blue,1,1,0,0,,,,,1,Trials,BLUEgreen.jpg,blue,0,0
169,1715032017272,06/05/2024 21:46:57,1715032017773,2,06/05/2024 23:46:57,143617,34,task-vqb9,,37507704,hvbn2,9856737,,complete,,,computer,Desktop or Laptop,Windows 10,Chrome 123.0.0.0,1366x768,1366x679,,,,Stroop Task,7,Stroop ,spreadsheet_stroop_100,spreadsheet_stroop_100,25,68,1,Screen 1,fixation,fixation,500,,,,,0,1,0,,,,,1,Trials,YELLOWred.jpg,yellow,0,0
170,1715032017834,06/05/2024 21:46:57,1715032018345,2,06/05/2024 23:46:58,143617,34,task-vqb9,,37507704,hvbn2,9856737,,complete,,,computer,Desktop or Laptop,Windows 10,Chrome 123.0.0.0,1366x768,1366x679,,,,Stroop Task,7,Stroop ,spreadsheet_stroop_100,spreadsheet_stroop_100,25,68,2,Screen 2,buttona,response_keyboard,557.3000001907349,,,yellow,1,1,0,0,,,,,1,Trials,YELLOWred.jpg,yellow,0,0
171,1715032018336,06/05/2024 21:46:58,1715032018840,2,06/05/2024 23:46:58,143617,34,task-vqb9,,37507704,hvbn2,9856737,,complete,,,computer,Desktop or Laptop,Windows 10,Chrome 123.0.0.0,1366x768,1366x679,,,,Stroop Task,7,Stroop ,spreadsheet_stroop_100,spreadsheet_stroop_100,117,69,1,Screen 1,fixation,fixation,500,,,,,0,1,0,,,,,1,Trials,YELLOWyellow.jpg,yellow,1,0
172,1715032018864,06/05/2024 21:46:58,1715032019362,2,06/05/2024 23:46:59,143617,34,task-vqb9,,37507704,hvbn2,9856737,,complete,,,computer,Desktop or Laptop,Windows 10,Chrome 123.0.0.0,1366x768,1366x679,,,,Stroop Task,7,Stroop ,spreadsheet_stroop_100,spreadsheet_stroop_100,117,69,2,Screen 2,buttona,response_keyboard,507.5,,,yellow,1,1,0,0,,,,,1,Trials,YELLOWyellow.jpg,yellow,1,0
173,1715032019360,06/05/2024 21:46:59,1715032019856,2,06/05/2024 23:46:59,143617,34,task-vqb9,,37507704,hvbn2,9856737,,complete,,,computer,Desktop or Laptop,Windows 10,Chrome 123.0.0.0,1366x768,1366x679,,,,Stroop Task,7,Stroop ,spreadsheet_stroop_100,spreadsheet_stroop_100,62,70,1,Screen 1,fixation,fixation,500,,,,,0,1,0,,,,,1,Trials,REDyellow.jpg,red,0,0
174,1715032020081,06/05/2024 21:47:00,1715032020573,2,06/05/2024 23:47:00,143617,34,task-vqb9,,37507704,hvbn2,9856737,,complete,,,computer,Desktop or Laptop,Windows 10,Chrome 123.0.0.0,1366x768,1366x679,,,,Stroop Task,7,Stroop ,spreadsheet_stroop_100,spreadsheet_stroop_100,62,70,2,Screen 2,buttona,response_keyboard,701.4000000953674,,,red,1,1,0,0,,,,,1,Trials,REDyellow.jpg,red,0,0
175,1715032020557,06/05/2024 21:47:00,1715032021056,2,06/05/2024 23:47:01,143617,34,task-vqb9,,37507704,hvbn2,9856737,,complete,,,computer,Desktop or Laptop,Windows 10,Chrome 123.0.0.0,1366x768,1366x679,,,,Stroop Task,7,Stroop ,spreadsheet_stroop_100,spreadsheet_stroop_100,61,71,1,Screen 1,fixation,fixation,500,,,,,0,1,0,,,,,1,Trials,REDred.jpg,red,1,0
176,1715032021013,06/05/2024 21:47:01,1715032021516,2,06/05/2024 23:47:01,143617,34,task-vqb9,,37507704,hvbn2,9856737,,complete,,,computer,Desktop or Laptop,Windows 10,Chrome 123.0.0.0,1366x768,1366x679,,,,Stroop Task,7,Stroop ,spreadsheet_stroop_100,spreadsheet_stroop_100,61,71,2,Screen 2,buttona,response_keyboard,445.3999996185303,,,red,1,1,0,0,,,,,1,Trials,REDred.jpg,red,1,0
177,1715032021505,06/05/2024 21:47:01,1715032022006,2,06/05/2024 23:47:02,143617,34,task-vqb9,,37507704,hvbn2,9856737,,complete,,,computer,Desktop or Laptop,Windows 10,Chrome 123.0.0.0,1366x768,1366x679,,,,Stroop Task,7,Stroop ,spreadsheet_stroop_100,spreadsheet_stroop_100,104,72,1,Screen 1,fixation,fixation,500,,,,,0,1,0,,,,,1,Trials,REDred.jpg,red,1,0
178,1715032022274,06/05/2024 21:47:02,1715032022768,2,06/05/2024 23:47:02,143617,34,task-vqb9,,37507704,hvbn2,9856737,,complete,,,computer,Desktop or Laptop,Windows 10,Chrome 123.0.0.0,1366x768,1366x679,,,,Stroop Task,7,Stroop ,spreadsheet_stroop_100,spreadsheet_stroop_100,104,72,2,Screen 2,buttona,response_keyboard,747.7999997138977,,,red,1,1,0,0,,,,,1,Trials,REDred.jpg,red,1,0
179,1715032022757,06/05/2024 21:47:02,1715032023256,2,06/05/2024 23:47:03,143617,34,task-vqb9,,37507704,hvbn2,9856737,,complete,,,computer,Desktop or Laptop,Windows 10,Chrome 123.0.0.0,1366x768,1366x679,,,,Stroop Task,7,Stroop ,spreadsheet_stroop_100,spreadsheet_stroop_100,69,73,1,Screen 1,fixation,fixation,499.8999999999942,,,,,0,1,0,,,,,1,Trials,BLUEblue.jpg,blue,1,0
180,1715032024191,06/05/2024 21:47:04,1715032024684,2,06/05/2024 23:47:04,143617,34,task-vqb9,,37507704,hvbn2,9856737,,complete,,,computer,Desktop or Laptop,Windows 10,Chrome 123.0.0.0,1366x768,1366x679,,,,Stroop Task,7,Stroop ,spreadsheet_stroop_100,spreadsheet_stroop_100,69,73,2,Screen 2,buttonb,response_keyboard,1414,,,blue,1,1,0,0,,,,,1,Trials,BLUEblue.jpg,blue,1,0
181,1715032024675,06/05/2024 21:47:04,1715032025173,2,06/05/2024 23:47:05,143617,34,task-vqb9,,37507704,hvbn2,9856737,,complete,,,computer,Desktop or Laptop,Windows 10,Chrome 123.0.0.0,1366x768,1366x679,,,,Stroop Task,7,Stroop ,spreadsheet_stroop_100,spreadsheet_stroop_100,75,74,1,Screen 1,fixation,fixation,500,,,,,0,1,0,,,,,1,Trials,GREENgreen.jpg,green,1,0
182,1715032025114,06/05/2024 21:47:05,1715032025615,2,06/05/2024 23:47:05,143617,34,task-vqb9,,37507704,hvbn2,9856737,,complete,,,computer,Desktop or Laptop,Windows 10,Chrome 123.0.0.0,1366x768,1366x679,,,,Stroop Task,7,Stroop ,spreadsheet_stroop_100,spreadsheet_stroop_100,75,74,2,Screen 2,buttonb,response_keyboard,426.90000009536743,,,green,1,1,0,0,,,,,1,Trials,GREENgreen.jpg,green,1,0
183,1715032025602,06/05/2024 21:47:05,1715032026106,2,06/05/2024 23:47:06,143617,34,task-vqb9,,37507704,hvbn2,9856737,,complete,,,computer,Desktop or Laptop,Windows 10,Chrome 123.0.0.0,1366x768,1366x679,,,,Stroop Task,7,Stroop ,spreadsheet_stroop_100,spreadsheet_stroop_100,112,75,1,Screen 1,fixation,fixation,500.1000000000058,,,,,0,1,0,,,,,1,Trials,YELLOWyellow.jpg,yellow,1,0
184,1715032026471,06/05/2024 21:47:06,1715032026956,2,06/05/2024 23:47:06,143617,34,task-vqb9,,37507704,hvbn2,9856737,,complete,,,computer,Desktop or Laptop,Windows 10,Chrome 123.0.0.0,1366x768,1366x679,,,,Stroop Task,7,Stroop ,spreadsheet_stroop_100,spreadsheet_stroop_100,112,75,2,Screen 2,buttona,response_keyboard,834.7000002861023,,,yellow,1,1,0,0,,,,,1,Trials,YELLOWyellow.jpg,yellow,1,0
185,1715032026943,06/05/2024 21:47:06,1715032027439,2,06/05/2024 23:47:07,143617,34,task-vqb9,,37507704,hvbn2,9856737,,complete,,,computer,Desktop or Laptop,Windows 10,Chrome 123.0.0.0,1366x768,1366x679,,,,Stroop Task,7,Stroop ,spreadsheet_stroop_100,spreadsheet_stroop_100,23,76,1,Screen 1,fixation,fixation,499.8999999999942,,,,,0,1,0,,,,,1,Trials,YELLOWgreen.jpg,yellow,0,0
186,1715032027419,06/05/2024 21:47:07,1715032027924,2,06/05/2024 23:47:07,143617,34,task-vqb9,,37507704,hvbn2,9856737,,complete,,,computer,Desktop or Laptop,Windows 10,Chrome 123.0.0.0,1366x768,1366x679,,,,Stroop Task,7,Stroop ,spreadsheet_stroop_100,spreadsheet_stroop_100,23,76,2,Screen 2,buttona,response_keyboard,469.8999996185303,,,yellow,1,1,0,0,,,,,1,Trials,YELLOWgreen.jpg,yellow,0,0
187,1715032027905,06/05/2024 21:47:07,1715032028406,2,06/05/2024 23:47:08,143617,34,task-vqb9,,37507704,hvbn2,9856737,,complete,,,computer,Desktop or Laptop,Windows 10,Chrome 123.0.0.0,1366x768,1366x679,,,,Stroop Task,7,Stroop ,spreadsheet_stroop_100,spreadsheet_stroop_100,77,77,1,Screen 1,fixation,fixation,500,,,,,0,1,0,,,,,1,Trials,YELLOWgreen.jpg,yellow,0,0
188,1715032028546,06/05/2024 21:47:08,1715032029036,2,06/05/2024 23:47:09,143617,34,task-vqb9,,37507704,hvbn2,9856737,,complete,,,computer,Desktop or Laptop,Windows 10,Chrome 123.0.0.0,1366x768,1366x679,,,,Stroop Task,7,Stroop ,spreadsheet_stroop_100,spreadsheet_stroop_100,77,77,2,Screen 2,buttona,response_keyboard,615.7999997138977,,,yellow,1,1,0,0,,,,,1,Trials,YELLOWgreen.jpg,yellow,0,0
189,1715032029018,06/05/2024 21:47:09,1715032029523,2,06/05/2024 23:47:09,143617,34,task-vqb9,,37507704,hvbn2,9856737,,complete,,,computer,Desktop or Laptop,Windows 10,Chrome 123.0.0.0,1366x768,1366x679,,,,Stroop Task,7,Stroop ,spreadsheet_stroop_100,spreadsheet_stroop_100,63,78,1,Screen 1,fixation,fixation,500,,,,,0,1,0,,,,,1,Trials,REDyellow.jpg,red,0,0
190,1715032030164,06/05/2024 21:47:10,1715032030655,2,06/05/2024 23:47:10,143617,34,task-vqb9,,37507704,hvbn2,9856737,,complete,,,computer,Desktop or Laptop,Windows 10,Chrome 123.0.0.0,1366x768,1366x679,,,,Stroop Task,7,Stroop ,spreadsheet_stroop_100,spreadsheet_stroop_100,63,78,2,Screen 2,buttona,response_keyboard,1117.9000000953674,,,red,1,1,0,0,,,,,1,Trials,REDyellow.jpg,red,0,0
191,1715032030642,06/05/2024 21:47:10,1715032031139,2,06/05/2024 23:47:11,143617,34,task-vqb9,,37507704,hvbn2,9856737,,complete,,,computer,Desktop or Laptop,Windows 10,Chrome 123.0.0.0,1366x768,1366x679,,,,Stroop Task,7,Stroop ,spreadsheet_stroop_100,spreadsheet_stroop_100,76,79,1,Screen 1,fixation,fixation,499.8999999999942,,,,,0,1,0,,,,,1,Trials,REDred.jpg,red,1,0
192,1715032031030,06/05/2024 21:47:11,1715032031526,2,06/05/2024 23:47:11,143617,34,task-vqb9,,37507704,hvbn2,9856737,,complete,,,computer,Desktop or Laptop,Windows 10,Chrome 123.0.0.0,1366x768,1366x679,,,,Stroop Task,7,Stroop ,spreadsheet_stroop_100,spreadsheet_stroop_100,76,79,2,Screen 2,buttona,response_keyboard,372.59999990463257,,,red,1,1,0,0,,,,,1,Trials,REDred.jpg,red,1,0
193,1715032031533,06/05/2024 21:47:11,1715032032022,2,06/05/2024 23:47:12,143617,34,task-vqb9,,37507704,hvbn2,9856737,,complete,,,computer,Desktop or Laptop,Windows 10,Chrome 123.0.0.0,1366x768,1366x679,,,,Stroop Task,7,Stroop ,spreadsheet_stroop_100,spreadsheet_stroop_100,41,80,1,Screen 1,fixation,fixation,499.9000000000233,,,,,0,1,0,,,,,1,Trials,GREENgreen.jpg,green,1,0
194,1715032032425,06/05/2024 21:47:12,1715032032928,2,06/05/2024 23:47:12,143617,34,task-vqb9,,37507704,hvbn2,9856737,,complete,,,computer,Desktop or Laptop,Windows 10,Chrome 123.0.0.0,1366x768,1366x679,,,,Stroop Task,7,Stroop ,spreadsheet_stroop_100,spreadsheet_stroop_100,41,80,2,Screen 2,buttonb,response_keyboard,890.8000001907349,,,green,1,1,0,0,,,,,1,Trials,GREENgreen.jpg,green,1,0
195,1715032032926,06/05/2024 21:47:12,1715032033422,2,06/05/2024 23:47:13,143617,34,task-vqb9,,37507704,hvbn2,9856737,,complete,,,computer,Desktop or Laptop,Windows 10,Chrome 123.0.0.0,1366x768,1366x679,,,,Stroop Task,7,Stroop ,spreadsheet_stroop_100,spreadsheet_stroop_100,113,81,1,Screen 1,fixation,fixation,499.8999999999942,,,,,0,1,0,,,,,1,Trials,REDred.jpg,red,1,0
196,1715032033617,06/05/2024 21:47:13,1715032034121,2,06/05/2024 23:47:14,143617,34,task-vqb9,,37507704,hvbn2,9856737,,complete,,,computer,Desktop or Laptop,Windows 10,Chrome 123.0.0.0,1366x768,1366x679,,,,Stroop Task,7,Stroop ,spreadsheet_stroop_100,spreadsheet_stroop_100,113,81,2,Screen 2,buttona,response_keyboard,684.5,,,red,1,1,0,0,,,,,1,Trials,REDred.jpg,red,1,0
197,1715032034112,06/05/2024 21:47:14,1715032034606,2,06/05/2024 23:47:14,143617,34,task-vqb9,,37507704,hvbn2,9856737,,complete,,,computer,Desktop or Laptop,Windows 10,Chrome 123.0.0.0,1366x768,1366x679,,,,Stroop Task,7,Stroop ,spreadsheet_stroop_100,spreadsheet_stroop_100,22,82,1,Screen 1,fixation,fixation,499.8999999999942,,,,,0,1,0,,,,,1,Trials,YELLOWyellow.jpg,yellow,1,0
198,1715032034807,06/05/2024 21:47:14,1715032035310,2,06/05/2024 23:47:15,143617,34,task-vqb9,,37507704,hvbn2,9856737,,complete,,,computer,Desktop or Laptop,Windows 10,Chrome 123.0.0.0,1366x768,1366x679,,,,Stroop Task,7,Stroop ,spreadsheet_stroop_100,spreadsheet_stroop_100,22,82,2,Screen 2,buttonb,response_keyboard,690.6999998092651,,,blue,1,0,1,0,,,,,1,Trials,YELLOWyellow.jpg,yellow,1,0
199,1715032035301,06/05/2024 21:47:15,1715032035806,2,06/05/2024 23:47:15,143617,34,task-vqb9,,37507704,hvbn2,9856737,,complete,,,computer,Desktop or Laptop,Windows 10,Chrome 123.0.0.0,1366x768,1366x679,,,,Stroop Task,7,Stroop ,spreadsheet_stroop_100,spreadsheet_stroop_100,74,83,1,Screen 1,fixation,fixation,499.8999999999942,,,,,0,1,0,,,,,1,Trials,GREENgreen.jpg,green,1,0
200,1715032036416,06/05/2024 21:47:16,1715032036916,2,06/05/2024 23:47:16,143617,34,task-vqb9,,37507704,hvbn2,9856737,,complete,,,computer,Desktop or Laptop,Windows 10,Chrome 123.0.0.0,1366x768,1366x679,,,,Stroop Task,7,Stroop ,spreadsheet_stroop_100,spreadsheet_stroop_100,74,83,2,Screen 2,buttonb,response_keyboard,1094.0999999046326,,,green,1,1,0,0,,,,,1,Trials,GREENgreen.jpg,green,1,0
201,1715032036894,06/05/2024 21:47:16,1715032037406,2,06/05/2024 23:47:17,143617,34,task-vqb9,,37507704,hvbn2,9856737,,complete,,,computer,Desktop or Laptop,Windows 10,Chrome 123.0.0.0,1366x768,1366x679,,,,Stroop Task,7,Stroop ,spreadsheet_stroop_100,spreadsheet_stroop_100,111,84,1,Screen 1,fixation,fixation,499.9000000000233,,,,,0,1,0,,,,,1,Trials,YELLOWyellow.jpg,yellow,1,0
202,1715032038825,06/05/2024 21:47:18,1715032039325,2,06/05/2024 23:47:19,143617,34,task-vqb9,,37507704,hvbn2,9856737,,complete,,,computer,Desktop or Laptop,Windows 10,Chrome 123.0.0.0,1366x768,1366x679,,,,Stroop Task,7,Stroop ,spreadsheet_stroop_100,spreadsheet_stroop_100,111,84,2,Screen 2,buttona,response_keyboard,1902.8999996185303,,,yellow,1,1,0,0,,,,,1,Trials,YELLOWyellow.jpg,yellow,1,0
203,1715032039325,06/05/2024 21:47:19,1715032039822,2,06/05/2024 23:47:19,143617,34,task-vqb9,,37507704,hvbn2,9856737,,complete,,,computer,Desktop or Laptop,Windows 10,Chrome 123.0.0.0,1366x768,1366x679,,,,Stroop Task,7,Stroop ,spreadsheet_stroop_100,spreadsheet_stroop_100,70,85,1,Screen 1,fixation,fixation,500,,,,,0,1,0,,,,,1,Trials,BLUEblue.jpg,blue,0,0
204,1715032040065,06/05/2024 21:47:20,1715032040561,2,06/05/2024 23:47:20,143617,34,task-vqb9,,37507704,hvbn2,9856737,,complete,,,computer,Desktop or Laptop,Windows 10,Chrome 123.0.0.0,1366x768,1366x679,,,,Stroop Task,7,Stroop ,spreadsheet_stroop_100,spreadsheet_stroop_100,70,85,2,Screen 2,buttonb,response_keyboard,725.0999999046326,,,blue,1,1,0,0,,,,,1,Trials,BLUEblue.jpg,blue,0,0
205,1715032040554,06/05/2024 21:47:20,1715032041055,2,06/05/2024 23:47:21,143617,34,task-vqb9,,37507704,hvbn2,9856737,,complete,,,computer,Desktop or Laptop,Windows 10,Chrome 123.0.0.0,1366x768,1366x679,,,,Stroop Task,7,Stroop ,spreadsheet_stroop_100,spreadsheet_stroop_100,102,86,1,Screen 1,fixation,fixation,499.8999999999942,,,,,0,1,0,,,,,1,Trials,GREENgreen.jpg,green,1,0
206,1715032040987,06/05/2024 21:47:20,1715032041484,2,06/05/2024 23:47:21,143617,34,task-vqb9,,37507704,hvbn2,9856737,,complete,,,computer,Desktop or Laptop,Windows 10,Chrome 123.0.0.0,1366x768,1366x679,,,,Stroop Task,7,Stroop ,spreadsheet_stroop_100,spreadsheet_stroop_100,102,86,2,Screen 2,buttonb,response_keyboard,414.69999980926514,,,green,1,1,0,0,,,,,1,Trials,GREENgreen.jpg,green,1,0
207,1715032041469,06/05/2024 21:47:21,1715032041972,2,06/05/2024 23:47:21,143617,34,task-vqb9,,37507704,hvbn2,9856737,,complete,,,computer,Desktop or Laptop,Windows 10,Chrome 123.0.0.0,1366x768,1366x679,,,,Stroop Task,7,Stroop ,spreadsheet_stroop_100,spreadsheet_stroop_100,87,87,1,Screen 1,fixation,fixation,499.8999999999942,,,,,0,1,0,,,,,1,Trials,REDblue.jpg,red,0,0
208,1715032042118,06/05/2024 21:47:22,1715032042613,2,06/05/2024 23:47:22,143617,34,task-vqb9,,37507704,hvbn2,9856737,,complete,,,computer,Desktop or Laptop,Windows 10,Chrome 123.0.0.0,1366x768,1366x679,,,,Stroop Task,7,Stroop ,spreadsheet_stroop_100,spreadsheet_stroop_100,87,87,2,Screen 2,buttona,response_keyboard,627.4000000953674,,,red,1,1,0,0,,,,,1,Trials,REDblue.jpg,red,0,0
209,1715032042617,06/05/2024 21:47:22,1715032043106,2,06/05/2024 23:47:23,143617,34,task-vqb9,,37507704,hvbn2,9856737,,complete,,,computer,Desktop or Laptop,Windows 10,Chrome 123.0.0.0,1366x768,1366x679,,,,Stroop Task,7,Stroop ,spreadsheet_stroop_100,spreadsheet_stroop_100,85,88,1,Screen 1,fixation,fixation,500,,,,,0,1,0,,,,,1,Trials,GREENblue.jpg,green,1,0
210,1715032043371,06/05/2024 21:47:23,1715032043866,2,06/05/2024 23:47:23,143617,34,task-vqb9,,37507704,hvbn2,9856737,,complete,,,computer,Desktop or Laptop,Windows 10,Chrome 123.0.0.0,1366x768,1366x679,,,,Stroop Task,7,Stroop ,spreadsheet_stroop_100,spreadsheet_stroop_100,85,88,2,Screen 2,buttonb,response_keyboard,744.9000000953674,,,green,1,1,0,0,,,,,1,Trials,GREENblue.jpg,green,1,0
211,1715032043852,06/05/2024 21:47:23,1715032044355,2,06/05/2024 23:47:24,143617,34,task-vqb9,,37507704,hvbn2,9856737,,complete,,,computer,Desktop or Laptop,Windows 10,Chrome 123.0.0.0,1366x768,1366x679,,,,Stroop Task,7,Stroop ,spreadsheet_stroop_100,spreadsheet_stroop_100,27,89,1,Screen 1,fixation,fixation,500.1000000000058,,,,,0,1,0,,,,,1,Trials,YELLOWgreen.jpg,yellow,0,0
212,1715032044668,06/05/2024 21:47:24,1715032045178,2,06/05/2024 23:47:25,143617,34,task-vqb9,,37507704,hvbn2,9856737,,complete,,,computer,Desktop or Laptop,Windows 10,Chrome 123.0.0.0,1366x768,1366x679,,,,Stroop Task,7,Stroop ,spreadsheet_stroop_100,spreadsheet_stroop_100,27,89,2,Screen 2,buttona,response_keyboard,809.5999999046326,,,yellow,1,1,0,0,,,,,1,Trials,YELLOWgreen.jpg,yellow,0,0
213,1715032045180,06/05/2024 21:47:25,1715032045672,2,06/05/2024 23:47:25,143617,34,task-vqb9,,37507704,hvbn2,9856737,,complete,,,computer,Desktop or Laptop,Windows 10,Chrome 123.0.0.0,1366x768,1366x679,,,,Stroop Task,7,Stroop ,spreadsheet_stroop_100,spreadsheet_stroop_100,101,90,1,Screen 1,fixation,fixation,499.8999999999942,,,,,0,1,0,,,,,1,Trials,BLUEblue.jpg,blue,1,0
214,1715032045748,06/05/2024 21:47:25,1715032046244,2,06/05/2024 23:47:26,143617,34,task-vqb9,,37507704,hvbn2,9856737,,complete,,,computer,Desktop or Laptop,Windows 10,Chrome 123.0.0.0,1366x768,1366x679,,,,Stroop Task,7,Stroop ,spreadsheet_stroop_100,spreadsheet_stroop_100,101,90,2,Screen 2,buttonb,response_keyboard,555.7000002861023,,,blue,1,1,0,0,,,,,1,Trials,BLUEblue.jpg,blue,1,0
215,1715032046262,06/05/2024 21:47:26,1715032046738,2,06/05/2024 23:47:26,143617,34,task-vqb9,,37507704,hvbn2,9856737,,complete,,,computer,Desktop or Laptop,Windows 10,Chrome 123.0.0.0,1366x768,1366x679,,,,Stroop Task,7,Stroop ,spreadsheet_stroop_100,spreadsheet_stroop_100,116,91,1,Screen 1,fixation,fixation,500,,,,,0,1,0,,,,,1,Trials,GREENgreen.jpg,green,1,0
216,1715032047151,06/05/2024 21:47:27,1715032047646,2,06/05/2024 23:47:27,143617,34,task-vqb9,,37507704,hvbn2,9856737,,complete,,,computer,Desktop or Laptop,Windows 10,Chrome 123.0.0.0,1366x768,1366x679,,,,Stroop Task,7,Stroop ,spreadsheet_stroop_100,spreadsheet_stroop_100,116,91,2,Screen 2,buttonb,response_keyboard,890.1000003814697,,,green,1,1,0,0,,,,,1,Trials,GREENgreen.jpg,green,1,0
217,1715032047636,06/05/2024 21:47:27,1715032048138,2,06/05/2024 23:47:28,143617,34,task-vqb9,,37507704,hvbn2,9856737,,complete,,,computer,Desktop or Laptop,Windows 10,Chrome 123.0.0.0,1366x768,1366x679,,,,Stroop Task,7,Stroop ,spreadsheet_stroop_100,spreadsheet_stroop_100,115,92,1,Screen 1,fixation,fixation,500,,,,,0,1,0,,,,,1,Trials,BLUEblue.jpg,blue,1,0
218,1715032048989,06/05/2024 21:47:28,1715032049486,2,06/05/2024 23:47:29,143617,34,task-vqb9,,37507704,hvbn2,9856737,,complete,,,computer,Desktop or Laptop,Windows 10,Chrome 123.0.0.0,1366x768,1366x679,,,,Stroop Task,7,Stroop ,spreadsheet_stroop_100,spreadsheet_stroop_100,115,92,2,Screen 2,buttonb,response_keyboard,1333.6999998092651,,,blue,1,1,0,0,,,,,1,Trials,BLUEblue.jpg,blue,1,0
219,1715032049487,06/05/2024 21:47:29,1715032049972,2,06/05/2024 23:47:29,143617,34,task-vqb9,,37507704,hvbn2,9856737,,complete,,,computer,Desktop or Laptop,Windows 10,Chrome 123.0.0.0,1366x768,1366x679,,,,Stroop Task,7,Stroop ,spreadsheet_stroop_100,spreadsheet_stroop_100,48,93,1,Screen 1,fixation,fixation,500,,,,,0,1,0,,,,,1,Trials,BLUEblue.jpg,blue,1,0
220,1715032050014,06/05/2024 21:47:30,1715032050517,2,06/05/2024 23:47:30,143617,34,task-vqb9,,37507704,hvbn2,9856737,,complete,,,computer,Desktop or Laptop,Windows 10,Chrome 123.0.0.0,1366x768,1366x679,,,,Stroop Task,7,Stroop ,spreadsheet_stroop_100,spreadsheet_stroop_100,48,93,2,Screen 2,buttonb,response_keyboard,530.2000002861023,,,blue,1,1,0,0,,,,,1,Trials,BLUEblue.jpg,blue,1,0
221,1715032050507,06/05/2024 21:47:30,1715032051005,2,06/05/2024 23:47:31,143617,34,task-vqb9,,37507704,hvbn2,9856737,,complete,,,computer,Desktop or Laptop,Windows 10,Chrome 123.0.0.0,1366x768,1366x679,,,,Stroop Task,7,Stroop ,spreadsheet_stroop_100,spreadsheet_stroop_100,105,94,1,Screen 1,fixation,fixation,500,,,,,0,1,0,,,,,1,Trials,BLUEblue.jpg,blue,1,0
222,1715032051029,06/05/2024 21:47:31,1715032051523,2,06/05/2024 23:47:31,143617,34,task-vqb9,,37507704,hvbn2,9856737,,complete,,,computer,Desktop or Laptop,Windows 10,Chrome 123.0.0.0,1366x768,1366x679,,,,Stroop Task,7,Stroop ,spreadsheet_stroop_100,spreadsheet_stroop_100,105,94,2,Screen 2,buttonb,response_keyboard,503.90000009536743,,,blue,1,1,0,0,,,,,1,Trials,BLUEblue.jpg,blue,1,0
223,1715032051502,06/05/2024 21:47:31,1715032052005,2,06/05/2024 23:47:32,143617,34,task-vqb9,,37507704,hvbn2,9856737,,complete,,,computer,Desktop or Laptop,Windows 10,Chrome 123.0.0.0,1366x768,1366x679,,,,Stroop Task,7,Stroop ,spreadsheet_stroop_100,spreadsheet_stroop_100,52,95,1,Screen 1,fixation,fixation,499.8999999999942,,,,,0,1,0,,,,,1,Trials,BLUEblue.jpg,blue,1,0
224,1715032051954,06/05/2024 21:47:31,1715032052449,2,06/05/2024 23:47:32,143617,34,task-vqb9,,37507704,hvbn2,9856737,,complete,,,computer,Desktop or Laptop,Windows 10,Chrome 123.0.0.0,1366x768,1366x679,,,,Stroop Task,7,Stroop ,spreadsheet_stroop_100,spreadsheet_stroop_100,52,95,2,Screen 2,buttonb,response_keyboard,430,,,blue,1,1,0,0,,,,,1,Trials,BLUEblue.jpg,blue,1,0
225,1715032052437,06/05/2024 21:47:32,1715032052938,2,06/05/2024 23:47:32,143617,34,task-vqb9,,37507704,hvbn2,9856737,,complete,,,computer,Desktop or Laptop,Windows 10,Chrome 123.0.0.0,1366x768,1366x679,,,,Stroop Task,7,Stroop ,spreadsheet_stroop_100,spreadsheet_stroop_100,55,96,1,Screen 1,fixation,fixation,500,,,,,0,1,0,,,,,1,Trials,REDyellow.jpg,red,0,0
226,1715032053236,06/05/2024 21:47:33,1715032053738,2,06/05/2024 23:47:33,143617,34,task-vqb9,,37507704,hvbn2,9856737,,complete,,,computer,Desktop or Laptop,Windows 10,Chrome 123.0.0.0,1366x768,1366x679,,,,Stroop Task,7,Stroop ,spreadsheet_stroop_100,spreadsheet_stroop_100,55,96,2,Screen 2,buttona,response_keyboard,782.5999999046326,,,red,1,1,0,0,,,,,1,Trials,REDyellow.jpg,red,0,0
227,1715032053725,06/05/2024 21:47:33,1715032054221,2,06/05/2024 23:47:34,143617,34,task-vqb9,,37507704,hvbn2,9856737,,complete,,,computer,Desktop or Laptop,Windows 10,Chrome 123.0.0.0,1366x768,1366x679,,,,Stroop Task,7,Stroop ,spreadsheet_stroop_100,spreadsheet_stroop_100,54,97,1,Screen 1,fixation,fixation,500,,,,,0,1,0,,,,,1,Trials,REDyellow.jpg,red,0,0
228,1715032054141,06/05/2024 21:47:34,1715032054640,2,06/05/2024 23:47:34,143617,34,task-vqb9,,37507704,hvbn2,9856737,,complete,,,computer,Desktop or Laptop,Windows 10,Chrome 123.0.0.0,1366x768,1366x679,,,,Stroop Task,7,Stroop ,spreadsheet_stroop_100,spreadsheet_stroop_100,54,97,2,Screen 2,buttona,response_keyboard,405.09999990463257,,,red,1,1,0,0,,,,,1,Trials,REDyellow.jpg,red,0,0
229,1715032054642,06/05/2024 21:47:34,1715032055138,2,06/05/2024 23:47:35,143617,34,task-vqb9,,37507704,hvbn2,9856737,,complete,,,computer,Desktop or Laptop,Windows 10,Chrome 123.0.0.0,1366x768,1366x679,,,,Stroop Task,7,Stroop ,spreadsheet_stroop_100,spreadsheet_stroop_100,72,98,1,Screen 1,fixation,fixation,499.8999999999942,,,,,0,1,0,,,,,1,Trials,REDred.jpg,red,1,0
230,1715032055090,06/05/2024 21:47:35,1715032055569,2,06/05/2024 23:47:35,143617,34,task-vqb9,,37507704,hvbn2,9856737,,complete,,,computer,Desktop or Laptop,Windows 10,Chrome 123.0.0.0,1366x768,1366x679,,,,Stroop Task,7,Stroop ,spreadsheet_stroop_100,spreadsheet_stroop_100,72,98,2,Screen 2,buttona,response_keyboard,417,,,red,1,1,0,0,,,,,1,Trials,REDred.jpg,red,1,0
231,1715032055556,06/05/2024 21:47:35,1715032056054,2,06/05/2024 23:47:36,143617,34,task-vqb9,,37507704,hvbn2,9856737,,complete,,,computer,Desktop or Laptop,Windows 10,Chrome 123.0.0.0,1366x768,1366x679,,,,Stroop Task,7,Stroop ,spreadsheet_stroop_100,spreadsheet_stroop_100,43,99,1,Screen 1,fixation,fixation,500,,,,,0,1,0,,,,,1,Trials,BLUEgreen.jpg,blue,0,0
232,1715032056480,06/05/2024 21:47:36,1715032056984,2,06/05/2024 23:47:36,143617,34,task-vqb9,,37507704,hvbn2,9856737,,complete,,,computer,Desktop or Laptop,Windows 10,Chrome 123.0.0.0,1366x768,1366x679,,,,Stroop Task,7,Stroop ,spreadsheet_stroop_100,spreadsheet_stroop_100,43,99,2,Screen 2,buttonb,response_keyboard,914.8999996185303,,,blue,1,1,0,0,,,,,1,Trials,BLUEgreen.jpg,blue,0,0
233,1715032056970,06/05/2024 21:47:36,1715032057471,2,06/05/2024 23:47:37,143617,34,task-vqb9,,37507704,hvbn2,9856737,,complete,,,computer,Desktop or Laptop,Windows 10,Chrome 123.0.0.0,1366x768,1366x679,,,,Stroop Task,7,Stroop ,spreadsheet_stroop_100,spreadsheet_stroop_100,59,100,1,Screen 1,fixation,fixation,500,,,,,0,1,0,,,,,1,Trials,REDyellow.jpg,red,0,0
234,1715032057555,06/05/2024 21:47:37,1715032058050,2,06/05/2024 23:47:38,143617,34,task-vqb9,,37507704,hvbn2,9856737,,complete,,,computer,Desktop or Laptop,Windows 10,Chrome 123.0.0.0,1366x768,1366x679,,,,Stroop Task,7,Stroop ,spreadsheet_stroop_100,spreadsheet_stroop_100,59,100,2,Screen 2,buttona,response_keyboard,564.5999999046326,,,red,1,1,0,0,,,,,1,Trials,REDyellow.jpg,red,0,0
235,1715032060053,06/05/2024 21:47:40,1715032060548,2,06/05/2024 23:47:40,143617,34,task-vqb9,,37507704,hvbn2,9856737,,complete,,,computer,Desktop or Laptop,Windows 10,Chrome 123.0.0.0,1366x768,1366x679,,,,Stroop Task,7,Stroop ,spreadsheet_stroop_100,spreadsheet_stroop_100,119,1,1,Screen 1,advancementZone,continue_button,2481.9000000953674,,,,,0,1,0,,,,,,End,,,,
236,1715032061470,06/05/2024 21:47:41,1715032061799,2,06/05/2024 23:47:41,143617,34,task-vqb9,,37507704,hvbn2,9856737,,complete,,,computer,Desktop or Laptop,Windows 10,Chrome 123.0.0.0,1366x768,1366x679,,,,Stroop Task,7,Stroop ,spreadsheet_stroop_100,spreadsheet_stroop_100,119,1,2,Screen 2,button,continue_button,1232.6999998092651,,,,,0,1,0,,,,,,End,,,,
237,1715032061534,06/05/2024 21:47:41,1715032061803,2,06/05/2024 23:47:41,143617,34,task-vqb9,,37507704,hvbn2,9856737,,complete,,,computer,Desktop or Laptop,Windows 10,Chrome 123.0.0.0,1366x768,1366x679,,,,Stroop Task,7,Stroop ,spreadsheet_stroop_100,,,END TASK,,,,,226178,,,,,0,1,0,,,,,,,,,,
END OF FILE
